ruG5h8	439	MI	start 1940 census research skip navigation national searching index district 1940 enumeration located charge 2 archives online opens 2012 locate free address census april release http1940censusarchivesgov order search access httpwwwarchivesgovresearchsearch opa online public census delaware 1940 sussex county maps state enter milford sussex including town search census 1940 delaware maps
HxvPXO	11	MI	gynecol comparison ncbi afroa shapes 2000 invest vaginal pubmed obstet function web ncbi javascript site warning requires management citation external file generate software group usa nc research durham health womens anterior positions introitus significantly polysiloxane afroamerican shape seed longer subject standing shorter 23 measurements 40 cast 1 width vagina introital
d6irAr	1	MI	center tornado watch prediction 133 storm 133 status report watch messages information network service national warnings visit iwin weather interactive 40 mod 20 low 30 mod 30 mod 50 mod 40 mod high 70 f2f5 probability forecaster 70 60 table event increased category tornadoes probabilities issuing 5 low moderate events
H4DHMs	1	MI	colleague funding opportunities dataintensive nsf research educationrelated letter dear nsf12060 12060 nsf colleague funding dataintensive opportunities research educationrelated letter dear date march 29 2012 todays vary expects valuable existing leads human innovative cyberlearning availability emerging rapid knowledge thinking multidisciplinary guaranteed capabilities personalized intensive foster technological teaching include resources advances community
HcG6vl	1	MI	william lambert dnr detroiter vicinitydetroit lambert negro years william 5 representative january press free fifty 1890 trenton negro shoes ambition years quakers children accepted young tyler permanently citizen weeks hat wharves returned lambert massacre leisure hands fifty school wednesday detroit stopped common veins bordering people energy born uncomfortable canada constitution
HLUcPC	1	MI	standing tornadoes monitoring support blog state fema texas cut dhs budget guys femas benefited people times fema assistance 1 thousands ignorant anonymous reply ive disaster give back feet home insurance assistance reservist role destroyed pj correct wont folks rebuild receive femas gee find attitude pray survivors adequate include easier good
Hidnm2	1	MI	states mileage government gas blog united usagov improve alternate people lots travel forms increasing mileage transportation gas prices improve lower ways costs car assume average estimates source cost 396 gallon price energysaversgov responsible comments content hope conversations polite 13 older discriminate views delete comment questions violate discussion comments continually add
HGxZ3Q	1	MI	building neighborhood database ncer energy envelop outreach research project conservation ord epa content area jump main navigation contact research extramural project search ncer research cost energy related existing stability proposes engineering tennessee including issues develop implementation residential properties safety structures lowincome christian brothers fire material envelop efficiency communities technologies memphis
GDd9Vw	1	MI	invasive study medlineplus patients hernia easier procedure page related medlineplus invasive results chronic surgical healthday pain compared minimally hernias research treat approach march monday news recovery faster 19 traditional finds procedure option expert older strategy cases repair washington isnt brunt onesizefitsall dr circumstances louis university michael st professor surgical hernia
yUzuQt	1	MI	march house photo white day 2012 state union video watch enhanced transparency commitment browse house white logs visitor wait executive actions president obama federal receipt tax federal dollars tax spent people petitions create sign house inside white tour interactive house 2012 check offices photo march picks white day 30 force
A97XCq	1	MI	patient 1997 communityacquired di ncbi pneumonia jama pubmed function web ncbi javascript site warning requires management citation external file generate software school usa hospital general medicine harvard massachusetts boston department medical auscultation point symptoms absence distinguishing setting physicians diagnosing combinations acute respiratory evaluation reduces unnecessary therapeutic reveals reference sign individual
vG8lcT	1	MI	apod thunderclouds jumping sundogs 8 november 2011 fascinating discover featured written image explanation day photograph astronomer cosmos universe professional altsee picture clicking resolution explanation version download 8 november highest 2011 phenomenon years web rapid sky reorients differently sundog return emerged words clouds lightning inspection temporarily enthusiasts past curious encouraged sum
c3ULEl	2	MI	center watch thunderstorm prediction severe 125 storm status report messages watch 125 information network service national warnings visit iwin weather interactive 20 low 5 low 20 low 20 low 40 mod 30 mod high 70 f2f5 probability forecaster 70 60 table event increased category tornadoes probabilities issuing 5 low moderate
HFTEus	8	MI	house white april photo day 2012 state union video watch enhanced transparency commitment browse house white logs visitor wait executive actions president obama federal receipt tax federal dollars tax spent people petitions create sign house inside white tour interactive house check april offices photo 2012 picks white day official house
Hxd6Yx	1	MI	folding elm chairs west due hazard fall recalls named washington instructed canada voluntary consumers illegal commission safety cooperation health announced firm product stop dc recalled resell attempt immediately recall products today consumer product folding chairs canada united 10000 states units 100 division francisco williamssonoma elm west importer san calif collapse
H11HEr	1	MI	3827 ocean animation svs perpetual represent 40x 20x global bathymetry begin surface general produced synthesize resolutions transport visualization eddies current estimating systems mit seaice satellite exaggeration insitu oceans carbon bathymetric depths joint heat topographic flows undersea phase ecco2 data land ii climate resolve circulation mitjpl ocean project patterns mitgcm output
gFSjnd	1	MI	lookout nih funding nexus extramural shorter announcements opportunity simpler application navigate accurate grants simplified apply find information funding rr source opportunity make remain statement policy announcements easier instructions allowing guide nih added format direct uptodate released foas newly change shortens repeating 424 benefit policies time found sf making programmatic precedence
HiPpYK	1	MI	states united lottery government blog won usagov asked anonymous lottery won run lotteries states individual follow winners slightly procedure powerball winnings states follow handle statebystate basis state bought run multistate lotteries megamillions ticket procedures teams rules generally state winners lottery learn state responsible comments content hope conversations polite 13 older
HdQH9p	1	MI	prim dont ncbi learner pubmed aspect 2012 educ essential care forget function web ncbi javascript site warning requires management citation external file generate software school university jesandarsleedsacuk leeds uk medicine requiring satisfaction learning apply impact hypermedia presents srl interest main resources aspects evaluate understand learners wide processes skills cme strategies
aQW6i8	1	MI	storm tornado watch prediction 135 center status report watch messages 135 information network service national warnings visit iwin weather interactive 50 mod 30 mod 30 mod 30 mod 60 mod 40 mod high 80 f2f5 probability forecaster 70 60 table event increased category tornadoes probabilities issuing 5 low moderate events
HEPZNE	1	MI	ago longer 50 labor medlineplus years women page related medlineplus years news spending labor today march friday hours report childbirth women ago 30 50 american healthday longer factors explain labors reports helped authors laughon weight national kennedy height human aspects news conference index shriver bodymass epidemiologist responsible increase health development
A6rx3G	1	MI	med intake ncbi fr southeast pubmed health asian trop 2011 public higher function web ncbi javascript site warning requires management citation external file generate software nutrition school sains kelantan sciences health malaysia universiti programme lack results years semiquantitative 019 children 1940 present weeks warrant food gestation records 021 020 birth
2AUpR3	1	MI	house contact white state union video watch enhanced transparency commitment browse house white logs visitor wait executive actions president obama federal receipt tax federal dollars tax spent people petitions create sign house inside white tour interactive submit comments questions online accessible committed questions open administration comments public website creating president
HWvUCE	9	MI	due hazard bicycles bikes fall recalls public named washington instructed voluntary consumers illegal commission safety cooperation announced firm product stop dc recalled resell attempt immediately products today recall consumer product bicycles year model 2010 2012 units 4100 francisco san importer bikes public pedals taiwan wellgo corp manufacturer pedals fall hazard
FQhE26	2	MI	national area baltimore heritage search people civil national struggles culture forged city stood incredible heritage transformation area war centuries prosperity nation explore identity commerce center places shaped chesapeake rights experience bay american freedom baltimore heart natural neighborhoods area innumerable includes downtown sites historic heritage waterfront oldest baltimore heart urban national
HxH0Qi	1	MI	management office federal register documents personnel home page additional links amending partial office general county chabot george localities information joann grant federal personnel political add hatch residing 202 restrictions act designated virginia regulations united regulatory opm king counsel 6061700 exemption employees list states contact activity management agency executive services single
HdaGD5	1	MI	ncbi int follicular pubmed therapy maintenance rituximab prescrire 2012 function web ncbi javascript site warning requires management citation external file generate software protocol firstline noteworthy lack results dose mabthera including questions suffer impact adding lymphoma based disorders progressionfree iii confirmed radiological musculoskeletal treatment 401 persist mortality survival practice therapy effects
HVuIQ9	2	MI	city snyder agreement detroit council consent approval commends restore financial consent acted move stability services expect council path message win integrity city paves positive state responsibly forward goodfaith fiscal partnership families entire michigan agreement delivery succeed put approval opportunity clear detroit ensure deserve taxpayers financial councils challenges decisions lie remains
axtic	1	MI	apod mars water 1 april 2005 fascinating discover featured written image explanation day photograph astronomer cosmos universe professional 1 april 2005 planetary features pointing show astronauts brought subtle knowledge meantime potential mars folks happy photographs life geology explanation principles day applying planet future inspection history discover surface sustenance past martian
y89dU	1	MI	home 180 poetry page congress library inspire human poem spending make poetry member 180 race reading day means important lives poems revealed worlds daily part minutes community find poem readers system 180 easy listened read readings hear school mind high year end suggest make selected poetry announcements public intended students
HhutQx	1	MI	cancer study fight veggies cabbage medlineplus broccoli breast pages related medlineplus cancer tuesday cruciferous foods healthday suggests top 3 eating survival breast news super broccoli improve odds april study vegetables cancer cruciferous disease 62 compared vegetables percent recurrence china breast women die study 35 diagnosed found consumed researchers kale cruciferous
155LDh	2	MI	edwards tornado faq roger online spc nssl photo courtesy background 2012 mar modified 23 quickreference partial questions copyrighted find knowledge storms deepest local resources good compiled material kind faq desire school resource university list summary found domain administrationdepartment national direct library permitting images oceanic labeled research public email scientific commercial
HAjg0w	13	MI	mission hazy solstice cassini orange orb images home image details atmosphere titan visible pole cassini images hood blue bottom suggest top faint haze layers detected moons orange recent image polar north hazes beginning titans flip vortex learn south view north 5150 titan kilometers 3200 antisaturn miles side view color image
HfcKMf	2	MI	infographic cbo program asset report troubled relief contact cbo 28 march 2012 110343 stabilization office omb days cbo semiannual stability economic financial elements guarantee established 45 promote prepare section treasurys legislation tarp submit discuss purchases program asset treasury department troubled markets public 202 division enable emergency assessment guarantees management issuance
GRxyte	3	MI	tool budget water watersense epa content area jump main navigation measure pp based data specification water local final 411 tool regional climate singlefamily efficiency suitability 132k comply homes 15 budget watersense ensure pdf section development homes tool singlefamily information specification visit watersense page follow information government technical commercial community professional
edlBVg	1	MI	living learn alcohol healthfindergov healthy drink live moderation quick guide connect website hyperlink nongovernmental direct application hhs consistent hyperlinks states services human subject information hyperlinked united application contained health endorsement department website intended provided visitors external constitute applications privacy appearance practices products policies purpose link redirected information usaccessibility privacy mapcontact
qZzuHo	76	MI	mdot sign regions notifications traffic grand southwest county subscribe unsubscribe updates counties receive notification list select traffic restriction decrease reducing decisions increase additional workers informed due quickly include activities emergency anticipated notifications construction traffic decide line recipient emails secondary incidents applies examples impacts concise closures result event subject information personnel
HgIzEo	1	MI	grill wires danger food cleaners medlineplus swallowed bbq page related medlineplus tuesday tracts healthday barbecue sharp grills wire bristles rhode 3 emergency digestive news made room island april residents brush caused ended chicken apparently barbecued wire beef bristles stomachs throats metallic issues brushes report grills ate medical patients clean isnt
9EoSh0	1	MI	information park lake state dnr silver information mears reservations michigan park 2318733083 state 49436 campground 9679 road 180044parks andor family hazards sudden manner follow everyones speed subject rapid dunes make inclines safety dropoffs slopes erosion offroading steep rules safe park alert visitors topographic changing exciting security made natural experience vehicle
HH4xjk	1	MI	video dental medlineplus health worries news javascript adobe flash enabled content player version 8 requires flash pages related medlineplus fills simple thought dentist steps smiling fear people feel comfortable trip heres health dental dentist important affect care anxiety triggers gums teeth problem called haines matters im healthday doctors news dr
H4GRDi	1	MI	fair house pays buffett share rule white address passing weekly state union video watch enhanced transparency commitment browse house white logs visitor wait executive actions president obama federal receipt tax federal dollars tax spent people petitions create sign house inside white tour interactive pass share millionaires middle taxes ensures pay
RFDtO	1	MI	arches park national search inspire trails discover wonderland colors balanced landscape red giant sunsets amaze addition visit 2000 formations fins pinnacles textures contrasting park landforms hundreds world stone natural unlike soaring refresh rocks arches massive rock evening point watch solar 20 nearlyfull join panorama eclipse 2012 join park online share
zS1pJa	2	MI	med humanitys ncbi pubmed calcium supplement assoc thai doubleedged 2011 function web ncbi javascript site warning requires management citation external file generate software orthopaedic university bangkok todrnarongyahoocom department thailand surgery mahidol contained coupled house cd sample amount chelated pollutions salts mercury preparation based lead animal oyster coral technique carbonate naturalraw
fd1bnN	1	MI	media social 2011 day awareness mental exposed percent children develop young event health traumatic problems adulthood 18 months single 35 behavioral emotional childhood families providers dealing community resilience visit young children trauma learn http1usagoveurfx5 demonstrate adulthood1 exposed ages problem2 persistent psychological single children mental develop percent young event health potentially
H9Q3c4	1	MI	wire governors mi preservation historic awards news announced 2012 keenon contact mary lou communications telephone 5173730011 selection executive authority gary housing snyder state rick announced 2012 development governors michigan director historic awards preservation heidel governor traverse office outstanding excavation recognize tax commitment preservation general past archaeological detroit asylum previous lighthouse
jjHHaH	1	MI	hudno11134 hud notice rights homeownership disclosure announces revised servicemembers protects protecting militaryfederal dependents law disclosure duty civil revised washington housing department announced relief development urban notice form servicemembers emphasizes active dependents rights protected today act military duty foreclosure mandates wartime states active rate including court proceeding mortgage personnel percent valid
HDIqKv	1	MI	house white april photo day 2012 state union video watch enhanced transparency commitment browse house white logs visitor wait executive actions president obama federal receipt tax federal dollars tax spent people petitions create sign house inside white tour interactive house check april offices photo 2012 picks white day official house
4kIXux	2	MI	reports fatalities catastrophes events weekly reports fatalities catastrophes events weekly description webpage fatalities table summaries weekly area workers include updated complete employers link report list summary oshaapproved incidents catastrophes inspection links citation states hospitalization information state investigation offices plans hours reported osha investigates preliminary operate resulting workrelated fy12 reports fatalities
wyLKUp	2	MI	country alerts specific adoption notices intercountry adoption learn process prospective adoptive parents guide statistics requirements process countrys adoption learn eligibility countries alerts specific important notices find developments 2000 act citizenship child facto instituted freeze states instances departments education judges united court provide schedule state department local told families de agencies
dFE0wy	1	MI	tax taxes forms individual income 2010 instructions form tax year search list forms income view installed forms listed reader acrobat view 1 instructions 2 instructionsschedule schedule 4642 mi1040cr2 claim home heating credit claim instruction heating credit book home claim home heating credit claim instruction heating credit book home 3581 mi1045
GVIwuS	1	MI	lovers tend medlineplus report weigh chocolate pages related medlineplus pittman genevra people sweet weighed rarely indulged reuters health week chocolate york ate study times shed diet doesnt daily adding bar pounds prove candy finding weight including health decreased antioxidants body chocolate pressure blood lower benefits cholesterol researchers san people researcher
cYDyKm	2	MI	center watch thunderstorm prediction severe storm 129 status 129 report watch messages information network service national warnings visit iwin weather interactive 20 low 5 low 30 mod 30 mod high 70 60 mod high 80 f2f5 probability forecaster 70 60 table event increased category tornadoes probabilities issuing 5 low moderate
GQDTW7	2	MI	caring childs mental health childs mental mission sites overarching childrens caring system effort support samhsas increase approach health comprehensive public awareness marketing social samhsafunded purpose services strategic care 1994 created communications team strategies works stimulate information childrens national visit event wwwawarenesseventorg health today rsvp day awareness mental dont washington wwwsamhsagovchildrenliveeventasp
gsGzAP	2	MI	specific country information penalties embassy drug learning crime localized information start provide spots find hot health location place conditions good visa world security country medical offices consular afghanistan albania algeria andorra angola anguilla antarctica barbuda antigua argentina armenia aruba australia austria azerbaijan bahamas bahrain bangladesh barbados belarus belgium belize benin
HCnUKr	1	MI	current uscert activity highimpact web current incidents regularly updated reported types summary uscert activity security page frequent multiple apple released updates safari address vulnerabilities products security os code crosssite obtain information perform vulnerabilities privileges elevated attack attacker condition execute denialofservice exploitation sensitive arbitrary operate scripting articles mitigate users ht5281 encourages
jeHoGi	1	MI	school trooper recruit graduates 122nd msp rigorous badges ceremony police trooper state 122nd thirtyfive troopers curriculum formally recruits michigan friday 13 training received school recruit graduation 20week citizens pin recognize accept high embrace uniform integrity service trooper msp kriste granted badge symbol recruits represents importance serve etue director courtesy col
HWs6Aj	1	MI	story ridge oak national tip laboratory researcher idea laboratory staff story oak relations member interview national end energys department external ridge arrange tip identified communications contact biology unite simulation neutrons laboratorys interpretation nanoseconds move highperformance motions interesting smith detected easier combination cellular world called polymers proteins large national relative computer
wb8nQK	1	MI	grant grantsgov opportunities synopsis opportunity find precedence service disk electronic click information grant provide notification send inconsistency document email resolved notifications printed address opportunity emails change receive thing giving original requestedany modification description represent newest file oldest previous shown documents current document sections files background representing modifications arranged changed list
GL1q4I	2	MI	catalog pia15415 page brightly image tendrils lies remnant full lightyears galaxy size constellation nebula sky 1500 moon hot extends swans ago 5000 explosion explorer tucked supernova night gas occurred stellar nasas ultraviolet dust years 8000 glow evolution wispy wings cygnus times massive loop left spreading filaments visible bright earth heated
xXGIJ9	2	MI	february media social day awareness 2012 impair stress ageappropriate capacity mental developmental youths reach ptsd challenges health disorder posttraumatic goals providers dealing wwwsamhsagovchildren children friends visit trauma resilient hope families heroes youth learn juvenile mental prevalence years challenges suffer greater stress1234567 justice generally system noting health rates document numerous higher
HdmYux	1	MI	search ncbi 1998 visual pubmed enhanced child psychiatry conj psychol function web ncbi javascript site warning requires management citation external file generate software cambridge university site downing kcp1000cuscamacuk uk tasks letter similarity appeared shape distracters visual unique target showed developing theories determined control set slower slowing rate result autism compared
HbABIR	1	MI	text clinicaltrialsgov multiple management safety evaluation full pain efficacy therapy adjunctive neuropathic nabilone sclerosis gabapentin view cesamet significantly agent determine adjunctive management pain purpose neurontin neuropathic nabilone improved study relief ms gabapentin nerve burning manage narcotic chronic agents tingling conventional placing due symptoms treatment stabbing analgesia neuropathic syndromes axons worst
xl8O0c	3	MI	grant grantsgov opportunities synopsis opportunity find precedence service disk electronic click information grant provide notification send inconsistency document email resolved notifications printed address opportunity emails change receive thing giving original requestedany modification description represent newest file oldest previous shown documents current document sections files background representing modifications arranged changed list
HxGPkv	9	MI	apod april tungurahua 2 erupts 2012 fascinating discover featured written image explanation day photograph astronomer cosmos universe professional april 2 2012 1300 roughly high tungurahua erupts years shines cloud peak glows photographer sky lavalit 5000meter located hot 2006 captured starlit white image pictured ejected pours explanation distance visibly dark fell
HmQU3Q	1	MI	catalog page pia15254 agencyled telescope instruments image mission infrared dust spanning contributions galaxy herschel giant combined space data nebula ripples cloud fiery tens tarantula ribbons european explosion dwarf spitzer fire center hundreds important formation brightest significant circular magellanic centerleft nasas fields observatory doradus noticeable visible light region 30 appearance called
