Ii6l4p	1	SC	c_char_p(42932964)
IrAtDP	6	SC	c_char_p(42930996)
a4OKCe	1	SC	c_char_p(65825620)
I4jxDa	1	SC	c_char_p(48378036)
ddwOxl	1	SC	c_char_p(81106468)
IiXy0L	11	SC	c_char_p(43052756)
IH3W0P	1	SC	c_char_p(76609108)
HFTEus	14	SC	c_char_p(43741812)
ooJ3SD	1	SC	c_char_p(43257252)
u92XMk	1	SC	c_char_p(43736756)
3ixzg	1	SC	c_char_p(51204420)
bGADqr	1	SC	c_char_p(44998612)
JeGYcX	1	SC	c_char_p(43001572)
IzVc9L	3	SC	c_char_p(49502964)
HyuGl1	1	SC	c_char_p(85806420)
iJjO3a	1	SC	c_char_p(48915188)
ymy3zC	1	SC	c_char_p(43038820)
xzMFCp	1	SC	c_char_p(49280340)
IREGSL	1	SC	c_char_p(43292084)
JYN8VF	2	SC	c_char_p(49326052)
HpPJmz	1	SC	c_char_p(54385236)
I9ewin	1	SC	c_char_p(43010276)
4tvwE	1	SC	c_char_p(45261108)
ft7fT3	1	SC	c_char_p(42949092)
cfsgOu	1	SC	c_char_p(47013556)
9u2Mdi	3	SC	c_char_p(43745828)
J4obHU	1	SC	c_char_p(49326500)
1Nyesm	1	SC	c_char_p(42863188)
Jtpcpn	2	SC	c_char_p(42827172)
jpbg1H	4	SC	c_char_p(43747380)
19QiWZ	2	SC	c_char_p(44386068)
I8bwn3	1	SC	c_char_p(43749604)
KeLUjJ	1	SC	c_char_p(42964932)
xXGIJ9	1	SC	c_char_p(43700084)
qZzuHo	1	SC	c_char_p(43638804)
JoDOrz	3	SC	c_char_p(49369204)
a7cw4b	1	SC	c_char_p(81410916)
InMW1K	1	SC	c_char_p(43782020)
