znDthG	1	MA	map plant hardiness usda zone prompt complete captcha continue 5 queries query reload web enable javascript site experience internet browser code clip text captcha simply click provided zip field response button challengeresponse test image sound generated validate search person continue ensure enter audio yorknorth carolinanorth virginiawisconsinwyoming static mexiconew click select
IflgXj	3	MA	defm14a ii iii iv 1 2 3 4 5 6 7 8 9 10 11 12 13 14 15 16 17 18 19 20 21 22 23 24 25 26 27 28 29 30 31 32 33 34 35 36 37 38 39 40 41 42 43 44 45 46
HDTp3l	8	MA	financial proclamation national month capability house white presidential 2012 state union video watch enhanced transparency commitment browse house white logs visitor wait executive actions president obama federal receipt tax federal dollars tax spent people petitions create sign house inside white tour interactive house white office press secretary states united financial
I9mYPk	5	MA	thomas 20032004 congress text bill library 108th ih 460 hres 100th sports state michigan football congratulating game rivalry university teams greatest ohio history recognizing strickland oxley miller gillmor ryan committee kucinich education pryce hobson tiberi kildee upton conyers turner ney brown submitted michigan workforce latourette portman ford kaptur jones levin
HYcYTr	2	MA	uscis study civics materials test questions pass tools answer prepare materials correctly 6 interview 10 started test 100 study list civics naturalization asked additional section products select short naturalization process overview video test providing highlighting citizenship rights responsibilities civics video history audio format official list answers civics mp3 questions test
IgdpMw	1	MA	full view clinicaltrialsgov chronic treatment text placebo depression desvenlafaxine major people trade chronic depression pristiq studying treatment medicine fda approved antidepressant desvenlafaxine investigators major adults testing years chronic dysthymic depression medicine type suffering significant condition effective dysthymia impairment severe lasting disorder investigators blind medication period fdaapproved inactive participants subjects 6
GCbvnZ	1	MA	resource form submission stopbullyinggov opinions communication abusive directly copyrighted owner accepted personal vulgar legislation submit add individuals resources posting permission material promote organizations target science require specific considered determined demonstrate harm links suggestions related evidence hosted government offensive research content materials inventory foundation terms commercial reflect groups services bullying language
IGcF0P	1	MA	apod 21 april 3 ats 2012 fascinating discover featured written image explanation day photograph astronomer cosmos universe professional april 21 2012 meter resemblance technique operational 8 skies observatorys dark underground clouds large arrays common small concert house interferometer enclosures faintly greenish galaxies paranal region ats horizon milky designed stretches point
uUJDr	1	MA	classicnces kids zone graph create nceskidsimagesstaticbannerjpg 75 670 addflashnceskidsimageskidsnavswfvarskipnavskipnavvarhomenceskidsindexaspvartoolsnceskidstoolsindexaspvarcrunchnceskidscrunchindexaspvargraphnceskidscreateagraphvardyknownceskidseykindexaspvargrabnceskidsgrabbagindexaspvarchancesnceskidschancesindexasp picture taylor thousand heard words worth point magazines find web graph explain constantly charts quickly helps interest show homework impress understand world publications fun businesses people site numbers special information things difficult visually communicate problems chart illustration reason complicated great newspapers
IOAXWm	2	MA	house white state union video watch enhanced transparency commitment browse house white logs visitor wait executive actions president obama federal receipt tax federal dollars tax spent people petitions create sign house inside white tour interactive event live facebook discussion participate click member facebook give click questions comments httpwwwwhitehousegovvideo ondemand library
JsTUzU	1	MA	eye risk acne problems doubled tied medlineplus drug pages related medlineplus grens kerry linked pink twofold acne pills reuters health treat israel risk eye dryness problems york prescription developing study styes large severe teenagers growth including names isotretinoin delays miscarriages brand roaccutane effects birth women pregnant claravis amnesteem side bone
I5x3bS	2	MA	death accidental cdc 30 medlineplus kids drops injuries pages related medlineplus deaths disease healthday children numberone statistics accidental percent 2000 centers teens monday killer released control news 16 30 april remain adolescents prevention dropped deputy injuries principal conference cdc children rates arias monday director death worst 9000 press died ileana
2NvojM	1	MA	ncbi interval 2009 appl physiol amp activates pubmed intense exercise function web ncbi javascript site warning requires management citation external file generate software canada ontario university gibalammcmasterca kinesiology hamilton mcmaster department resistance rest session human ribosomal content rapid explain conclude young including 4 bout biogenesis increased downstream 3 bouts induce
zui2a7	1	MA	home usda kyf compass food farmer compass usda videos discover market pictures field systems farmer local supporting food regional watch compass segment case read learn growing studies kyf computer file compass open acrobat experience reader pdf save map 20092011 years visiting food regional programs farmer usdasupported shows interactive local projects
HViawi	2	MA	sec form accurate reviewed information necessarily commission reader complete exchange completethe securities assume determined filing 1 identity issuers information business contact 2 place principal persons 3 related clarification response clarification response clarification response clarification response industry group 4 size 5 issuer federal select 6 claimed apply exclusions exemptions type filing
IDUHvP	1	MA	sec form accurate reviewed information necessarily commission reader complete exchange completethe securities assume determined filing 1 identity issuers information business contact 2 place principal persons 3 related clarification response clarification response clarification response industry group 4 size 5 issuer federal select 6 claimed apply exclusions exemptions type filing 7 duration
noKr	2	MA	constitution note 1 secure people welfare domestic america general states establish perfect united constitution justice liberty insure provide form tranquility defence posterity promote ordain union blessings common order congress vested senate house states legislative united consist granted representatives powers composed people house year states electors chosen representatives 1 state branch
aOKNM4	1	MA	votes woman selections national suffrage collection american 18481921 association women division rare congress library book collections special primary library past documents perspectives readers offensive expressed presents attitudes endorse collections congress views reflect part times record materials historical beliefs collection timeline suffrage years hundred resources related connections collection texts images illustrations
I8g36S	1	MA	prevent stress healthy manage problems live healthfindergov health learn quick living guide connect website hyperlink nongovernmental direct application hhs consistent hyperlinks states services human subject information hyperlinked united application contained health endorsement department website intended provided visitors external constitute applications privacy appearance practices products policies purpose link redirected information usaccessibility
yyiRHR	1	MA	floor senate legislation records webcast home reauthorization executive states session russell northern george united exportimport resume illinois hr2072 convene maryland john tharp pm 200 monday schedule jr levi district act430 judge consideration iii nominations bank proceed 14 motion 2012 archived accessing videos live congress met calendars list days senate session
Jvvs2G	1	MA	carolyn discrimination tax ending deductions congresswoman maloney receive sign updates email golf carolyn ny14 national tax purposes joined states clubs council corporations chair maloney 24 united introduction rep bills eliminate announce martha today discriminatory policies business club washington sherman reps dc burk ca27 closely worked allmale organizations womens bill critic
HcpT48	1	MA	dodea month child military 2012 serving month estimated children approximately parents deployed multiple parent million child 12 age times youth april american 18 military challenges legacy frequently face children living combat injured dodea parent helping carrying moving unique deployed care understands servicemember military fallen move years children environment diversity richness
IYLQTB	6	MA	increased ncbi prevalence bull transglutaminase pubmed schizophr 6 2012 function web ncbi javascript site warning requires management citation external file generate software md school north 600 hopkins university johns 144 medicine wolfe sciences street 1department 21287 behavioral psychiatry baltimore meyer represent 213 results brain 131 including skin gastrointestinal relationships 27
Stnj	1	MA	hemisphere enlarged northern view documentwritelnbr polar documentwritelnn pass measurement documentwritelncenter time passtime recent extrapolated pass auroral oval plot northern measurements current shows polar satellite hemisphere extent noaa recent position poes hand plot clock noon points arrow meridian red ten map color updated auroral observed underlying statistical pass oval respect fluxes
fU0iNs	1	MA	home stopbullyinggov register free webinar report cyberbullying bullying lgbt youth kids bullying youth special warning signs 8255 feel skip sleep helpless suicide ways call sick hopeless 1800273talk bullying affect school lifeline thinking lose feeling updates site sign school network premiere dc bullying middle documentary cartoon speak impact examines justice bullying
ICLlBg	1	MA	announcement lincoln grant students university water 04242012 prepare 15000 quality interested careers contact newsroom operations parker newsnews announcementwhere meter founded held pm including technologies 24 26 27 group 23 infantries thursday lu black treatment rich 400 announce local careers 2012 activities finance familiar safe lincoln schools school resource facilities january
w3vFX9	1	MA	pyramid usda food fnicnalusdagov myplate resources nutrition usda policy promotion center mypyramid guidelines primary myplate easytounderstand americans group consumers cue build 2011 consistent plate eating food symbol june encouraging visual governments healthy adopt 2010 habits replaced dietary society education nutrition incorporate educators guidelines myplate dietary americans education find content online
I3NjuK	2	MA	physicians perspectives emergency med ncbi pubmed medicine 2011 palliat function web ncbi javascript site warning requires management citation external file generate software usa center cedars medical sstone90064yahoocom angeles los 90048 ca sinai appropriately prioritized urban underwent focus related challenges included perspective responsive education educational perspectives leading hospital range los participants
bR7KKu	1	MA	center tornado watch prediction 186 storm status 186 report watch messages information network service national warnings visit iwin weather interactive 40 mod 20 low 50 mod 30 mod 40 mod 30 mod high 70 f2f5 probability forecaster 70 60 table event increased category tornadoes probabilities issuing 5 low moderate events
HCj4HK	1	MA	quicker conception medlineplus moderate linked exercise pages related medlineplus konkel lindsey reuters health moderate exercise obese overweight tied york women exception longer success pregnant study vigorously time conceive heart depression diseases linked exercise risk effects diabetes lower clear disease fertility epidemiologist boston height lauren find physical index ratio varied lead
JhSlp3	2	MA	ncbi immunohistological leuk cell pubmed diagnosis 2012 lymphoma plasma function web ncbi javascript site warning requires management citation external file generate software cutoff chain 100 abstract neoplasms 035 980 50 specificity scanscope cytoplasmic determine cs total simple ratio accurate shown reactive efficient image normal controls cell approach pcm percentage plasma
hbkNxK	2	MA	living eating healthfindergov healthy live learn quick guide connect website hyperlink nongovernmental direct application hhs consistent hyperlinks states services human subject information hyperlinked united application contained health endorsement department website intended provided visitors external constitute applications privacy appearance practices products policies purpose link redirected body eating means diet stay minerals
HFTEus	36	MA	house white april photo day 2012 state union video watch enhanced transparency commitment browse house white logs visitor wait executive actions president obama federal receipt tax federal dollars tax spent people petitions create sign house inside white tour interactive house check april offices photo 2012 picks white day official house
ooJ3SD	4	MA	prevent stress healthy manage problems live healthfindergov health learn quick living guide connect website hyperlink nongovernmental direct application hhs consistent hyperlinks states services human subject information hyperlinked united application contained health endorsement department website intended provided visitors external constitute applications privacy appearance practices products policies purpose link redirected control feel
IbvddW	1	MA	geo2r function enable tool javascript warning learn requires compare ordered results identify table expressed samples significance conditions full genes groups instructions presented geo2r differentially order experimental applied logtransformation tab data options change box table distributions viewed plot calculate selected samples mediancentered crosscomparison number graphically data summary determining distribution suitable exported
I7kwrz	1	MA	house white girls stem questions state union video watch enhanced transparency commitment browse house white logs visitor wait executive actions president obama federal receipt tax federal dollars tax spent people petitions create sign house inside white tour interactive edt house 1130am engineering council technology event special girls mathematics white 2012
H3u2sY	3	MA	boston city citizens connect text app bostons issues city tweet visit send start program call website eyes phone effort ears neighborhood give boston 247365 graffiti connect potholes download ways awardwinning empower reporting alert citys neighborhoods mobile citizens residents citizensconnectcityofbostongov email email developerscityofbostongov citizens terms connect service app citizens connect tgh
lMpHvz	1	MA	catalog pia14106 page eyeglasses telescope focus infrared exposes visible viewed light space murky nebula star spitzer brings showing depths nasas formation wear pair stellar clouds lost region dusty rock infants dark vision bright show midwavelength infrared swaths surrounding frames constellation light nebulae cavities orion strikingly glowing interior belt red revealing
Js7R2X	1	MA	prescribed great zone fire blackwater year completes burning moved sites year staff 6th nwr area eastern blackwater 43 crew crews national started march complete fire completed wildlife management february burns refuge past great neck patuxent months bay april january fishing accomplishments reached couldnt injuries staff partners additional service state conservancy
I9MYJF	1	MA	ncbi introduction review imputation gentle pubmed 2006 clin epidemiol function web ncbi javascript site warning requires management citation external file generate software netherlands center biostatistics rdondersgeouunl university utrecht random results intervals based chosen situations explain source associations handle drawn yield small missingindicator explanations methods estimates idea estimated techniques errors socalled
GAUd9a	2	MA	soc ncbi 1976 differential pers perception social attrib pubmed psychol function web ncbi javascript site warning requires management citation external file generate software perpetrated major violence phenomenon accessible purported sterotypy concept design performed victim threshold attributional blackprotagonist causal situation established dispositional factors videotape observing labeled occuring subjects black 4 ineraction
Jhbc2K	1	MA	addressing violence federal house memorandum domestic workforce establishing policies white presidential state union video watch enhanced transparency commitment browse house white logs visitor wait executive actions president obama federal receipt tax federal dollars tax spent people petitions create sign house inside white tour interactive house white office press secretary workforce
UT2FE	1	MA	house white state union video watch enhanced transparency commitment browse house white logs visitor wait executive actions president obama federal receipt tax federal dollars tax spent people petitions create sign house inside white tour interactive event live facebook discussion participate click member facebook give click questions comments httpwwwwhitehousegovvideo ondemand library
vgAzde	1	MA	geo2r function enable tool javascript warning learn requires compare ordered results identify table expressed samples significance conditions full genes groups instructions presented geo2r differentially order experimental applied logtransformation tab data options change box table distributions viewed plot calculate selected samples mediancentered crosscomparison number graphically data summary determining distribution suitable exported
IJbRcd	1	MA	frb 25 fomc releasefederal press 2012 statementapril issues reserve release date 2012 25 april sector committee unemployment expanding household signs rate elevated improvement open investment market information federal housing moderately expectations labor remained declined stable crude conditions economy oil march business met inflation prices continued higher picked recent received improved
HHU8Ql	2	MA	living weight healthfindergov healthy learn children live quick guide connect website hyperlink nongovernmental direct application hhs consistent hyperlinks states services human subject information hyperlinked united application contained health endorsement department website intended provided visitors external constitute applications privacy appearance practices products policies purpose link redirected information usaccessibility privacy mapcontact act
JzyWzl	2	MA	restriction intake greater ncbi energy nutr dietary im pubmed 2012 function web ncbi javascript site warning requires management citation external file generate software kinesiology health department restriction urine ptm assigned proximal integrity als volumetric group density exercising 4 8 libitum maximal protective increased 3 food intake effects implicate weights histomorphometry
H4nhq2	1	MA	boston city citizens connect text app bostons issues city tweet visit send start program call website eyes phone effort ears neighborhood give boston 247365 graffiti connect potholes download ways awardwinning empower reporting alert citys neighborhoods mobile citizens residents citizensconnectcityofbostongov email email developerscityofbostongov citizens terms connect service app citizens connect tgh
32xAiI	1	MA	massdot developers page transportation massachusetts authority bay authorities transit regional massachusetts authority port links static information working realtime data interested developers resources meant transportation serve made massdot found page updated relationship agreement principles data 11132009 developers license massdot acceptance note acknowledges massdots page mbtatransit highway rmv massport planning challenges web
4dwBHm	1	MA	picture astronomy day fascinating discover featured written image explanation day photograph astronomer cosmos universe professional 11 2012 bright distant earth disk 20 fit easy weeks apogee photographed perigee dark day telescope pacific dense sun asia moon smallest full 300 annular 240 kilometers path super silhouetted filter point image visible smaller
JthH4b	5	MA	firstever administration 29 dc states department ribbon green names schools obama education 78 house sutley states including council chair education quality ribbon jackson duncan agency 29 department announce white today administrator arne dc environmental protection schools span firstever 78 list joined green nancy lisa secretary elementary dcs announcement school made
JmwLzc	1	MA	thyroid pseudoaneurysm ncbi af pubmed patient receiving hemorrhagic 2012 function web ncbi javascript site warning requires management citation external file generate software head neck service oncology memorial 1 medicine york sloankettering department cancer center developed dose signs thyroid conclusions symptoms thrombotic candidates disrupt inferior woman pseudoaneurysm increased progressed background report
xgh0L1	2	MA	comparison stress modes ncbi med 1981 pubmed behav measurement function web ncbi javascript site warning requires management citation external file generate software month modestly hassles effects shared affect outcomes found concluded significantly prediction related shown scale subsequent consecutive approach men standard usual comparison months variance predictor emotion scales community psychological
H3ogdr	1	MA	boston city citizens connect text app bostons issues city tweet visit send start program call website eyes phone effort ears neighborhood give boston 247365 graffiti connect potholes download ways awardwinning empower reporting alert citys neighborhoods mobile citizens residents citizensconnectcityofbostongov email email developerscityofbostongov citizens terms connect service app citizens connect tgh
yyzL3Z	1	MA	march media social day awareness 2012 people bisexual streets homeless runaway victimization percent young heterosexual 334 transgender versus 587 gay lgbtq questioning report lesbian youth providers dealing wwwsamhsagovchildren children friends visit trauma resilient hope families heroes youth learn danger bisexual streets high homeless home streets1 victimization people young rates transgender
JFQVEu	3	MA	med death sci ncbi sports exerc arrest sudden cardiac pubmed unit 2012 function web ncbi javascript site warning requires management citation external file generate software minnesota school wa usa pennsylvania medical mn washington system minneapolis philadelphia 1crozerkeystone 3university pa health 4university medicine 2university seattle springfield scd sca related states characterize
hP761a	1	MA	soc turning goal ncbi selfregulation pers 2001 setting pubmed psychol function web ncbi javascript site warning requires management citation external file generate software psychology usa 10003 university york department bettingenpsychnyuedu pertaining relevant people discussed supported commitment states fantasy experiments unfavorable quality plans emerges light goal leads effort expectations reality setting
9DOStl	5	MA	recreation nature conservation department home park visit plan photos multimedia culture history science nature teachers recreation support park contact home dcr page recreation request guide access universal program events programs directions maps brochures david thoreau henry inspire september thoreaus deep lived tours 1845 respect pond provided birthplace provide undeveloped credited
JknytV	1	MA	evaporating apod blobs carina 23 nebula april 2012 fascinating discover featured written image explanation day photograph astronomer cosmos universe professional april 23 2012 years winds forms dark clouds small found upper telescope alive constellation blobs opaque nebula orbiting pictured evaporating iconic hubble months keel lies spans unusual span carina create
cWaNZB	4	MA	day massachusetts listing earth massdep events community held individual sponsor earth calendar event information group service day listed public activities alphabetically compiled includes massachusetts massdep events contact town select statewide regional ac arlington shine 900 12 arlington 51 collection day grove street community am100 rain pm saturday 2012 outdoor books
fd1bnN	1	MA	media social 2011 day awareness mental exposed percent children develop young event health traumatic problems adulthood 18 months single 35 behavioral emotional childhood families providers dealing community resilience visit young children trauma learn http1usagoveurfx5 demonstrate adulthood1 exposed ages problem2 persistent psychological single children mental develop percent young event health potentially
Ie4UjU	2	MA	media april social day awareness 2012 prevalence lifetime sexual physical 17yearold percent trauma witnessing 8 nationally reported assault experiences representative 39 12 17 violence youth survey providers dealing wwwsamhsagovchildren children friends visit trauma resilient hope families heroes youth learn assault1 prevalence percent lifetime sexual physical 17yearold 2 rates witnessing 8
AfW92Y	1	MA	climate global february analysis state 2012 form monthly reports access calculation 310 surface dataset including anomalies monitoring temperature monthly beginning state note 3 version ncdc 2011 activities global complete land preliminary report november data change received climate october effective presented trends ranks replaced processed ghcnm newest coding homogeneity adjustment information
Iq6HUL	5	MA	panelists announces mobile ftc workshop payments agenda 601 washington held paper avenue conference 26 federal representatives plastic commission ftc workshop nw upcoming government dc academics regulators part trade 2012 center mobile industry april advocates payments technologists consumer jersey raised included examine including technology event issues open workshop public business models
cWj8HP	1	MA	web student aid click information additional addition alternate listing format student center braille 18004333243 federal publications aid audio 18004fedaid introduce college student pages web programs federal pay section publications aid application apply web federal section free student pages fafsa publications aid called student loans pages web federal section publications explain
z1JjSt	1	MA	polly nih matzinger tcell section phd immunology niaid cellular memory laboratory molecular tolerance body absent protect cells immune gut polly matzinger 3014964286email phdphone 3014966640fax pcmhelixnihgov immunology tcell section engaged answers questions elucidating fundamental memory tolerance danger worms viruses pregnancy autoimmune find tissuegenerated working basis create system signals inhabit local theoretical
HSFU0C	7	MA	family house national white visits americas parks tourists state union video watch enhanced transparency commitment browse house white logs visitor wait executive actions president obama federal receipt tax federal dollars tax spent people petitions create sign house inside white tour interactive beautiful family check visit shows places photos place country
A9iXYz	1	MA	smokefree pledge monday women week monday ahead prepare beginnings day slipped reasons commitment cigarettes make start smokefree mondays quitting week life monday stay reflect chance focused progress celebrate women join taking fresh renewing pledge week life pledge community committed women living join smokefree commit pledge encouragement stay tools quit attempt
I53NFs	1	MA	apod 22 dunes mars april sand barchan flowing 2012 fascinating discover featured written image explanation day photograph astronomer cosmos universe professional april 22 2012 summer atmosphere move winds fine blow monitored hills cousins storms forms image kick dark famous streaks large sand spring freeze pass intact dunes escalate hill flowing
7bsP1P	4	MA	pittsburgh pennsylvania nws advisory outlook screenlogicalydpi screenlogicalxdpi rtn watches freeze screendeviceydpi warning edt click fri rtn1 forecast read advisories internet var returnrtn 2012 function map 123322 warnings hazardous frost update screendevicexdpi inity initx 11 zoomout explorer weather browsernavigatorappname browser microsoft latest hour decision forecasts weather making collected stormrecord reports information
JdDZ9e	3	MA	emotion brainderived regula ncbi pubmed fatigue physiol front 2012 function web ncbi javascript site warning requires management citation external file generate software town biology science university africa research department unit human medicine cape uctmrc sports south exercise proposed athletic saves brain attempts predicts decisions decade superior rapidly physiological nervous explain
Jv9qNl	1	MA	prescribed great zone fire blackwater year completes burning moved sites year staff 6th nwr area eastern blackwater 43 crew crews national started march complete fire completed wildlife management february burns refuge past great neck patuxent months bay april january fishing accomplishments reached couldnt injuries staff partners additional service state conservancy
Jmouvy	7	MA	chemical mission factory solstice investigates cassini titans features factory chemical investigates cassini home news titans chemical titans investigates factory cassini apr 24 2012 chemical titans investigates factory cassini hydrocarbons atmosphere titan environments celsius hides thick factory giant saturns brutally temperature smoggy system moon chemical complex degrees scientists 170 cloak form
JvEtcU	8	MA	med respiratory ncbi preve pubmed health br sports elite athletes 2012 function web ncbi javascript site warning requires management citation external file generate software brunel uk centre university sports uxbridge human medicine performance pollutantsirritants caused dehydration strenuously chronically asthma susceptible risk early progression demonstrated remains upper andor exposed reduce implemented
uCae49	1	MA	office ralph elections state voting mollis secretary 029042615 tty fax voting phone 2222340 west elections 148 providence 2221444 street 711 401 river ri email mondayfriday 830 open public 430 pm directions elected officials place polling find publics show vote poll integrity enabling voter workers voters id current valid match 2012
K6r995	4	MA	house white state union video watch enhanced transparency commitment browse house white logs visitor wait executive actions president obama federal receipt tax federal dollars tax spent people petitions create sign house inside white tour interactive event live facebook discussion participate click member facebook give click questions comments httpwwwwhitehousegovvideo ondemand library
IbqovD	2	MA	struct ncbi rule micrornamrna pivotal biol nat mol pubmed 2012 function web ncbi javascript site warning requires management citation external file generate software developmental biology usa university connecticut cellular yale department molecular haven activity browsing empty recording activity turned recording turn back information usa 20894 center pike rockville national md
JsUwrW	1	MA	frs nsf12556 failureresistant systems foundation directorate information science national computing communication cyber communications engineering computer division systems foundations electrical semiconductor corporation research full due deadlines proposers 5 time proposal local pm july 26 2012 issued revised nsf 111 apply funding pappg due 18 1 contained version proposal 2010 guidelines award
JvwpDo	1	MA	microrna ncbi alcoholic int signature disease hepatol pubmed liver 2012 function web ncbi javascript site warning requires management citation external file generate software school ma usa university worcester 01605 medicine massachusetts department medical alcoholfed hepatocytes contributed ald global results leads paper modulate cytokines increase feeding knowledge mirnas production insight increased
4EQ9TD	1	MA	shortterm training ncbi interval effect appl 2006 physiol sprint pubmed function web ncbi javascript site warning requires management citation external file generate software canada ontario group university research kinesiology hamilton mcmaster 4k1 department l8s metabolism exercise p004 p003 glycogenolytic rest burgomaster physiol content group heigenhauser tt 5107 subjects 4 p076
I6a9jz	1	MA	releases congress twitter library news archive office communications congress washington dc library se 205401600 ave 101 independence 2027079199email voice 2027072905fax paolocgov matt 202 raymond congress twitter library gregpasstwittercom contact mraylocgovcontact pass greg 7072905 twitter library donating archive web networking 140 service leading send digital tweets public users congress characters consist
yuF7Q0	1	MA	ncbi komplementmed forsch pubmed safety 2006 effectiveness costeffectiv function web ncbi javascript site warning requires management citation external file generate software wittenherdecke theory complementary medical germany medicine chair university office technology evaluation federal costeffectiveness program health pek medicine effectiveness public complementary compiled framework report behalf assessment bag swiss appropriateness homeopathy
HFpUPS	12	MA	grant grantsgov opportunities synopsis opportunity find precedence service disk electronic click information grant provide notification send inconsistency document email resolved notifications printed address opportunity emails change receive thing giving original requestedany modification description represent newest file oldest previous shown documents current document sections files background representing modifications arranged changed list
HaxJNk	1	MA	celebrating viewing wildflowers areas wildflower celebrating wildflowers usda service forest content skip navigation page viewing wildflower slideshow areas enjoy features national back feature wildflowers glimpse provide forests opportunities add wildflower myriad spectacular limitless viewing areas places grasslands code botany management service 202501103 washington sw rangeland mailstop dc program forest ave
JdEYCK	2	MA	factors lifespan medlineplus race location social affect pages related medlineplus chances tuesday healthday socioeconomic news education geography living group factors income indicators shows 70 17 age work april race study reside findings markers longheld long live medicine calif belief school stanford university challenge race country region researchers expectancy people 665
JsxKke	1	MA	acad sci ncbi la prelamin regulation pubmed natl proc 2012 function web ncbi javascript site warning requires management citation external file generate software biology genetics usa los institute university angeles medicine california human department molecular ca 90095 splicing brain spliced alternative abundant blot nervous explain exclusively microrna toxic knockin alternatively
