whjRRa	1	NV	zion ranger national minutes park search diversity incredible national park ranger explore garretson habitats zion juliet learn park prepared ranger expect year special baker time holly fantastic zion national park discover ranger barb fossil graves revealed history closer zion takes snail tim park ranger smallest lutterman world hiking canyoneering problemsolving
gVPbbl	1	NV	medical encyclopedia esr medlineplus esr erythrocyte commonly sedimentation rate sed called stands body measures inflammation test indirectly information venipuncture sample needed blood erythrocytes sample red bottom tube fast test measures lab blood fall cells thin tall called preparations needed special people feel stinging prick throbbing moderate draw pain needle sensation
wuRdKC	1	NV	praises senate 1 equality historic marriage constantine vote feb praises senate historic marriage constantine vote equality king senates legislation executive washington establishing county state praised marriage constantine vote equality enact dow today legislature people washington state historic vote senate defense decade stood fight socalled today ago righted wrong marriage act
zQVdMQ	1	NV	fax fire hp burn hazards due recalls machines named washington instructed voluntary consumers illegal commission safety cooperation announced firm product stop dc recalled resell attempt immediately products today recall consumer 1050 product 1040 hp fax machines canada 240000 mexico 928000 units alto importer palo hewlettpackard calif fax overheat failure fire
qO22	5	NV	return tax free preparation volunteers topics individuals irs resources programs assistance irs tax qualify elderly taxpayers offer free income counseling tce vita volunteer neighborhood people credit filing tax locations elderly disabled located irscertified malls return vita electronic centers special 50000 taxpayers provide convenient make generally sites libraries returns program income
cStCLb	1	NV	guadalupe hidalgo treaty skip navigation mexican mexico visit eedahlgo brought lincolns gwahdahloopay lesson hidalgo city 18461848 documents end guadalupe 2 capital teaching advance war north forces government spot explore mexicanamerican resolutions fled circumstances february 1848 official signed treaty led mexican deal mexico september conquered unsuccessful bernardo general states gonzaga scott
jSNUzQ	13	NV	hsf realtime space human flight data control uptotheminute mission spacecraft path data make sky project applet reside significantly 336 download skywatch cache approximately access internet files 144 downloading 300 sufficient downloaded data 10 hard minutes clear required drive connection nasa time modem kbps updated official responsible amiko curator notices nasa
fRYHhm	1	NV	william biographical morris information stewart gold fortythird committee laurel nevada litigation 1 office candidate fiftyseventh farmington admission cemetery 3 territorial wayne parents 4 fortysecond march washington practice virginia early february comstock township republican silver school bar 1827 admitted ashes morris yale ohio remains reelection attorney senate pacific born college declined
yZ04yM	1	NV	february house photo white day 2012 state union video watch enhanced transparency commitment browse house white logs visitor wait executive actions president obama federal receipt tax federal dollars tax spent people petitions create sign house inside white tour interactive february house check offices photo 2012 picks white day president house
kZl1Gi	1	NV	fish game california fishing fees department sport descriptions 9285805 license revenue sacramento ca 95834916 branch blvd 1740 market january 31 1 valid december 2012 application code corps resident fish pursuant thereof states active armed defines established united person section 29 state forces enrolled branch 2883 title game california 70 date
c97BQk	1	NV	25 center tornado watch prediction storm status 25 report watch messages information network service national warnings visit iwin weather interactive 40 mod 10 low 40 mod 10 low 40 mod 20 low high 70 f2f5 probability forecaster 70 60 table event increased category tornadoes probabilities issuing 5 low moderate events
wmvqIu	1	NV	text relapsed lymphocytic clinicaltrialsgov dose chronic macroglobulinemia nonhodgkin cell subjects waldenstroms full leukemia lymphoma study refractory escalating view tolerability lymphocytic chronic macroglobulinemia cll nonhodgkin cell subjects safety evaluate wm leukemia purpose lymphoma relapsed waldenstroms refractory bnhl study monotherapy avl292 limited interruption nonreceptor receptor blymphocytes revealed btk cll depend network restricted
wGJkQa	1	NV	fda professionals risk tysabri factor drug multifocal safety natalizumab healthcare pml podcast progressive leukoencephalopathy todays topic pml leukoencephalopathy multifocal information natalizumab safety factor division narrator risk tysabri podcast fda professionals progressive drug healthcare division information communication davison additional provide pharmacist lindsay tysabri issued testing disease brain pml jcv 20 guest
wGldb6	7	NV	apod australia aurora february 1 red 2012 fascinating discover featured written image explanation day photograph astronomer cosmos universe professional 1 february 2012 atmosphere including magellanic earth disk galaxy ground sky showered weeks excited australia familiar aurora emanating oxygen large pictured night small distant back video highlighting particles state 1402 red
qfePq9	3	NV	summer apod nights august dream 5 2011 fascinating discover featured written image explanation day photograph astronomer cosmos universe professional 5 2011 august summer results yellow planning earth concentric rotates find photographer fix late worth familiar michigan fairies fall awaken continued rosinski streaks traced night series scenes asleep images 4555 arcs
bSLfjT	1	NV	20 center watch thunderstorm prediction severe storm status 20 report watch messages information network service national warnings visit iwin weather interactive 20 low 5 low 30 mod 30 mod 60 mod 20 low high 80 f2f5 probability forecaster 70 60 table event increased category tornadoes probabilities issuing 5 low moderate
xYvpMn	1	NV	status measure amendment senate measure constitutional appropriation conam systems house data detailed adobe adobes visit require reader page items download acrobat instructions links established entities review responsible sites pages content state internet endorse external advised legislature hawaii maintain encountered make visit webmaster 508 ada problems address effort pages comply rehabilitation
10GCdb	1	NV	story weather bou display chances winds cold needed precipitation moderately late plains moisture expected today mountains evening north unsettled activation possibly front diminish bit bringing high builds cooler wednesday temperatures activity showers overnight tonight warmer spotter provide snow sunday significance monday slight friday thunderstorm rain pressure chance strong dry region
kl0eL9	1	NV	fdsys browse uscode code codification house general states edition titles 1926 years subject information united office broad divided representatives current subjects subsequent main revision permanent cumulative 1934 law present counsel annual 51 editions matter supplements published order laws code office house information gpo verify representatives virtual research contained version editions
wt46L7	1	NV	experienc ncbi pubmed pharmacol clin feeling 2011 ther popul function web ncbi javascript site warning requires management citation external file generate software toronto michaels hospital stadebsmhca st caused describe spectrum research estimated children canada developmental alcohol leading 1 live fasd incidences life living attempted births prenatal effects 100 perspective exposure
