zZ2Moo	2	RI	c_char_p(18943028)
z35ngY	4	RI	c_char_p(20923316)
wnqpWh	1	RI	c_char_p(20300244)
cWj8HP	1	RI	c_char_p(20442548)
xBhvtQ	3	RI	c_char_p(19996036)
zxqS1c	1	RI	c_char_p(20128500)
zaa0Pi	1	RI	c_char_p(20128900)
6OvCsb	1	RI	c_char_p(20529444)
wtIOMc	1	RI	c_char_p(20974116)
d0iKKk	1	RI	c_char_p(20342484)
zUP01o	3	RI	c_char_p(20015908)
yqexjv	2	RI	c_char_p(20044068)
d3KIKm	1	RI	c_char_p(20465892)
g9ZQJ0	2	RI	c_char_p(20307924)
AuOUFo	3	RI	c_char_p(20084356)
ALAz	1	RI	c_char_p(20360964)
zwR2dD	1	RI	c_char_p(20961060)
w57VXk	10	RI	c_char_p(21553908)
yjND8J	4	RI	c_char_p(20516932)
