wdFyf	1	NH	c_char_p(27821780)
wbBJ83	1	NH	c_char_p(27666804)
mtjIfO	1	NH	c_char_p(27483428)
3Sx2WM	1	NH	c_char_p(43833572)
zb0i4q	2	NH	c_char_p(63143540)
yUzuQt	4	NH	c_char_p(34582276)
AfH3MG	1	NH	c_char_p(28309300)
yX4Srq	1	NH	c_char_p(34712724)
bGiVgQ	1	NH	c_char_p(31046724)
A3vOk9	2	NH	c_char_p(34723348)
AE29GO	2	NH	c_char_p(27496004)
18pdxi	1	NH	c_char_p(29962644)
xl8O0c	1	NH	c_char_p(28114644)
tcYhB	1	NH	c_char_p(27444292)
UT2FE	3	NH	c_char_p(34382244)
w8wz	5	NH	c_char_p(34620996)
aT0jpI	1	NH	c_char_p(28032660)
130rZ5	1	NH	c_char_p(28937188)
wT7eLi	5	NH	c_char_p(27553204)
xBhvtQ	1	NH	c_char_p(34557332)
yBGCtI	1	NH	c_char_p(27944740)
mZKOnE	1	NH	c_char_p(34723764)
