hXgzr9	1	TN	c_char_p(27620516)
xaaHO4	1	TN	c_char_p(18538052)
A3gA2W	1	TN	c_char_p(17942516)
w3AV9f	1	TN	c_char_p(18395876)
xJFRMX	1	TN	c_char_p(23143540)
tO4ZsR	5	TN	c_char_p(23261428)
s4TzE6	1	TN	c_char_p(23119172)
oXblZR	4	TN	c_char_p(18735652)
yZEBfl	1	TN	c_char_p(23274820)
xeZzEq	1	TN	c_char_p(18427380)
zH17Db	1	TN	c_char_p(23178932)
17R7oz	1	TN	c_char_p(26975188)
bREk8i	1	TN	c_char_p(18200196)
2YZs1o	1	TN	c_char_p(29353076)
oCV7cJ	1	TN	c_char_p(18466196)
Anazwx	3	TN	c_char_p(20083412)
aGrvo1	1	TN	c_char_p(23186676)
7iTGhH	1	TN	c_char_p(22318964)
7P8SZE	1	TN	c_char_p(18330276)
91SMuK	1	TN	c_char_p(20082452)
w38DOk	1	TN	c_char_p(18297716)
bKCzpO	1	TN	c_char_p(18587572)
sC7M7L	1	TN	c_char_p(21750740)
iRoY8K	1	TN	c_char_p(18270644)
9Lwh52	2	TN	c_char_p(20079572)
eUByyb	2	TN	c_char_p(18471940)
sbMbEK	1	TN	c_char_p(121843412)
zKeNCC	1	TN	c_char_p(28459684)
UT2FE	2	TN	c_char_p(20455316)
xXJccI	5	TN	c_char_p(23188052)
jSNUzQ	1	TN	c_char_p(18447124)
z6dUaX	1	TN	c_char_p(32914868)
A3Pkoz	1	TN	c_char_p(46149380)
jJxZqH	1	TN	c_char_p(21569492)
4dwBHm	2	TN	c_char_p(18313300)
hAbWa2	3	TN	c_char_p(26978180)
ftEw0I	1	TN	c_char_p(29667476)
A8GVs5	2	TN	c_char_p(73628900)
