zJkWFF	1	AZ	united standto knowledge army states magazine major hellip focus ala noncommissioned army positive opportunities jan board folks meeting chandler materiel arsenal qualified sgt nco made standards individuals smaller sergeants challenges redstone incredible things make officers speaks 1011 raymond retaining maj valued directors part command perseverance doesnt thing quit spc soldier
vjftXS	1	AZ	status thomas congress bill library summary 112th samdt1126 2011 2012 amendment purposeto united section citizens authority detain states limit forces 1031 armed amendment text submitted s7745 cr status cosponsors9 webb va ron jeff harkin vt il 11172011 steven ia sen merkley richard jim mark kirk wyden tom 1212011 udall mike
hK5alc	1	AZ	office la county health womens public prevent appointment nowfree cancer schedule qualify18007938090call tested close home cervical pap test office national county rate initiative education ccpei diagnosed cancer los health prevented cervical women january times angeles 2000 prevention womens launched prevent cancer lack county result expensive affects latinas late los korean
zGevyz	3	AZ	tests gluten ncbi sensitivity pubmed clin serological 2011 gastroenterol function web ncbi javascript site warning requires management citation external file generate software italy hospital st medicine clinical orsolamalpighi bologna department university compare gs gluten sensitivity characterize serological pattern disease celiac found gs spectrum entity markers disorders clinical glutenrelated recently lacking
zs5dcP	1	AZ	living healthfindergov healthy quitting live learn quick smoking guide connect website hyperlink nongovernmental direct application hhs consistent hyperlinks states services human subject information hyperlinked united application contained health endorsement department website intended provided visitors external constitute applications privacy appearance practices products policies purpose link redirected quit steps follow information usaccessibility
ysDone	1	AZ	topics system april exploration solar year overview 2012 april ice 2012 comets deposits streaming spaces distant mercury rings system ice moon poles moons icecovered solar world saturn present made materials common jupiter comets titan surface exist abundant ammonia saturns amounts system ice moon ices poles mars type temperatures dioxide gas
85LSBE	5	AZ	storm tornado watch prediction 7 center status report watch messages 7 information network service national warnings visit iwin weather interactive high 70 40 mod high 70 50 mod 40 mod 20 low high 95 f2f5 probability forecaster 70 60 table event increased category tornadoes probabilities issuing 5 low moderate events
yRQiwq	1	AZ	ri sci ncbi ann lab ldl levels low cholesterol clin pubmed serum 2007 function web ncbi javascript site warning requires management citation external file generate software school tel center medical holon sackler israel aviv medicine internal edith department wolfson university ldl 18157 cardiovascular 24 group morbidity mortality associations increased therapy
A2pCnu	1	AZ	scenes union house writing state address white 2012 state union video watch enhanced transparency commitment browse house white logs visitor wait executive actions president obama federal receipt tax federal dollars tax spent people petitions create sign house inside white tour interactive adobe player flash content download view 24 domain january
xnKRPC	1	AZ	corps ten years blog celebrating citizen fema proved corps community brought preparedness involvement forefront answered citizen power prepared communities safer region stronger making asked unified corps years prince state program citizen maryland emergency dc communities georges individuals enjoy ten concise national provided educate encourage capital umbrella citizensare leadership weas safer
xsNIU6	2	AZ	infant carter choking due hazard recalled rattles lee named washington instructed voluntary consumers illegal commission safety cooperation announced firm product stop dc recalled resell attempt immediately products today recall consumer product infant rattles units 25000 carter francisco san calif importerdistributor lee violating childs handle rattle hazard posing throat rattles fit
uGYJrZ	2	AZ	autoimmune diseases ncbi allergy rev pubmed gut clin leaky immunol 2012 function web ncbi javascript site warning requires management citation external file generate software md biology center usa university school research mucosal medicine maryland 21201 afasanombrcumarylandedu baltimore underlying innovative neuroendocrine disorders tight susceptible controls intercellular equilibrium diseases nonself impaired loss
qO22	2	AZ	return tax free preparation volunteers topics individuals irs resources programs assistance irs tax qualify elderly taxpayers offer free income counseling tce vita volunteer neighborhood people credit filing tax locations elderly disabled located irscertified malls return vita electronic centers special 50000 taxpayers provide convenient make generally sites libraries returns program income
hHJOXn	1	AZ	champions house white change state union video watch enhanced transparency commitment browse house white logs visitor wait executive actions president obama federal receipt tax federal dollars tax spent people petitions create sign house inside white tour interactive mscaption textindent9000px 308px msdetail top top0px height norepeat 9999 349px positionabsolute left495px zindex
9MEOTe	1	AZ	control icscert uscert systems control industrial security emergency collaboration system cyber focus icscert uscert systems team response control security efforts coordination management securing strategy systems risk successful component icscert key outlines realized effective longterm serves common vision learn monthly monitor archive icscert advisories archive reports resources reporting control cssp infrastructure
nCt41V	1	AZ	october house photo white 2011 day state union video watch enhanced transparency commitment browse house white logs visitor wait executive actions president obama federal receipt tax federal dollars tax spent people petitions create sign house inside white tour interactive october house check offices photo picks 2011 white day house hosted
2RAq0O	7	AZ	national ruins aztec monument search ritual people house describe site reconstructed distant migration follow masonry ancient workers mortar passageways 500 holding today listen kiva search explore part drums puebloan echo pueblo great rooms fingerprints ancestral roof journey time timbers original 900year unesco site states culture world special 1987 united chaco
n3QQVg	1	AZ	sec form accurate reviewed information necessarily commission reader complete exchange completethe securities assume determined filing 1 identity issuers information business contact 2 place principal persons 3 related clarification response clarification response clarification response clarification response clarification response industry group 4 size 5 issuer federal select 6 claimed apply exclusions exemptions
cjYwfD	1	AZ	schedule wsdot ferries dockbound viaduct wednesday 0835 510the jackson marion construct entering close 5 impact driving offloaded drivers due thursday access exit 9 terminalawv utilizing 2012 activities customers colman 7 awv pmseattle southbound underneath dock construction traffic western northbound affect change diverted yesler 10 alaskan university vehicles overnight exiting street
RfKyy	1	AZ	states united financial service government answers gifts management questions homefaqstraining eventspublicationsprogramsabout indexnavigation fmsaz government make contribution money wishing financial contributions bequests send deposited treasury government express payable mailed account made gift budget specific 1843 individuals called unconditional patriotism accept general states check established united federal make gifts donation address considered
zfTyoH	6	AZ	solstice past night mission cassini images home image details smaller mimas 1123 396 dominates image dione side 698 measures 246 kilometers day miles view left mimas terrain trailing 20 area lit degrees north rotated dione moons saturnfacing hemisphere antisaturn side 559 image feet visible spacecraft meters cassini mimas sunmimasspacecraft 1833
3v5USM	1	AZ	china foreign trade years adjusted totals millions basis rounding due seasonally note nominal details dollars equal figures adjusted totals millions basis rounding due seasonally note nominal details dollars equal figures adjusted totals millions basis rounding due seasonally note nominal details dollars equal figures adjusted totals millions basis rounding due seasonally
4Cfch7	1	AZ	weight slight gain lifetime holiday skip navigation 2000 march 22 weight slight gain lifetime holiday major pound weight extra accumulates years contributor winter holiday life gain obesity study suggests seasonbut americans ten people years finding belief gain day runs pounds thanksgiving contrary popular england findings national results obesity human reached
sGSLnk	1	AZ	med acad ncbi 1998 administration intraarterial pubmed intravenous emerg function web ncbi javascript site warning requires management citation external file generate software college usa hospital surgeons ny medicine physicians columbia emergency department 10019 york center university st toxtodaolcom lukesroosevelt study iv ia administrations compared administration recommended potential treatment envenomation standard
AAZrIE	2	AZ	current uscert activity highimpact web current incidents regularly updated reported types summary uscert activity security page frequent multiple apple released updates safari address vulnerabilities products security os code crosssite obtain information perform vulnerabilities privileges elevated attack attacker condition execute denialofservice exploitation sensitive arbitrary operate scripting articles mitigate users ht5281 encourages
6JoQec	2	AZ	center tornado pds watch prediction 5 storm status 5 report watch messages information network service national warnings visit iwin weather interactive high 90 60 mod high 90 60 mod 60 mod 30 mod high 95 f2f5 probability forecaster 70 60 table event increased category tornadoes probabilities issuing 5 low moderate
w9Y3da	8	AZ	apod saturns 22 january light hexagon 2012 fascinating discover featured written image explanation day photograph astronomer cosmos universe professional january 22 2012 planetary infrared discovered spacecraft motions saturns excluded flybys surrounds emanating rotating fully shape vortex continue corners unexpected imaged movie scientists orbiting shows saturn formation created study timelapse times
rgDdLT	1	AZ	rush klondike gold national park historical seattle unit search gold globe national headlines 1897 event unit yukon canada preserves seattle subsequent spreads crucial seattles role telegraph rich strike thousands igniting klondike easy northwestern read park story remote july dreams rush word 17 stampede riches minds historical fields newspaper discover pacific
wXG4iA	1	AZ	sheep vet ncbi disease attributed pubmed babesia rec 2012 haemolytic function web ncbi javascript site warning requires management citation external file generate software thessaloniki 27 animals farm university veterinary ngiadinivetauthgr clinic 546 aristotle faculty medicine greece activity browsing empty recording activity turned recording turn back information usa 20894 center pike
xOY8yS	1	AZ	conference join blog call tank fema program disaster kaufman date reportwill crisis resilience workshop 2030 policy 8 speaking risk director dave mgmt report response conceptfema great region hosting analysis time transcripts dont wasnt shame decided long 2 worth phone hold wait longer minutes month discussion ideas forward format visual plan
yeOnAs	1	AZ	apod 23 january deep orion canary islands 2012 fascinating discover featured written image explanation day photograph astronomer cosmos universe professional january 23 2012 indoor canary testbed galaxy ground dividing sky circle evening coast band northwestern clouds rocky tenerife national martian year constellation lights red earlier vertical rolled eye shine island
14spsg	2	AZ	ambassadors program system solar people ambassadors information space system program recent local motivated communicate outreach nation designed solar communities missions jpls work public excitement exploration volunteers discoveries enthusiasts walks washington community states ambassadors large service space interested puerto public 500 life greater dc bringing inspiration rico 50 excitement providing comets
Ads00M	1	AZ	engine ncbi biomed pubmed mater tissue protein recombinant scaffolds 2012 function web ncbi javascript site warning requires management citation external file generate software australia science jeromewerkmeistercsiroau clayton engineering materials bayview avenue csiro emerging developed manipulation shape human possibilities scaffolds synthetic superior ease capabilities offers degrees biomedical include combination dependent express
f8zxQx	1	AZ	counselorus housing urban development department hud talk renting foreclosure 5694287 cost home counseling issues provide housing agency system call low online avoidance hud advice sponsors free agencies buying search 800 reverse default country mortgages credit voice huds interactive foreclosure home assistance visit counselors program avoidance affordable borrowers search list facing
hX1yVe	1	AZ	federal holidays 2012 6103 observed saturday usc federal schedule note sunday 5 establishes holiday public nonworkday monday friday holidays law employees work falls executive purposes years leave federal pay section legal 1 sunday 2 11582 3a holiday public 2012 monday falls day february january employees 1971 11 treated order specifies
zsHmVi	2	AZ	house white state union video watch enhanced transparency commitment browse house white logs visitor wait executive actions president obama federal receipt tax federal dollars tax spent people petitions create sign house inside white tour interactive event live facebook discussion participate click member facebook give click questions comments httpwwwwhitehousegovvideo ondemand library
Ax2o10	2	AZ	full solid study text clinicaltrialsgov patients plx10801 safety tumors view measure urine primary tumors oncogenic pharmacokinetics incurable linked administered fms safety kinases objective plasma evaluate kit pathophysiology selective biomarkers pharmacodynamic advanced secondary plx3397 target study disease solid patients orally activity inhibitor flt3 criteria inclusion recist cohorts measurable diseasespecific extension disease
UT2FE	4	AZ	house white state union video watch enhanced transparency commitment browse house white logs visitor wait executive actions president obama federal receipt tax federal dollars tax spent people petitions create sign house inside white tour interactive event live facebook discussion participate click member facebook give click questions comments httpwwwwhitehousegovvideo ondemand library
w6i3c3	1	AZ	ncbi spr assist biomechanical pubmed technol innovative evaluation 2011 function web ncbi javascript site warning requires management citation external file generate software zealand auckland university science department sport exercise walking spatiotemporal innovative ground based parameters main springloaded approach magnitude work force significantly propel spring energy reduce observed design recorded research
i3ynEc	2	AZ	opinions appeals court utah state courts appellate court back opinions case 10 143 ut app mr tr state filed 20120187ca 2012 case 10 141 ut app iverson filed 20110522ca monavie 2012 case 10 parkin 140 federal ut app filed deseret 20120110ca credit 2012 union case 10 ut app filed 20120075ca
xzMFCp	11	AZ	photo house january white day 2012 state union video watch enhanced transparency commitment browse house white logs visitor wait executive actions president obama federal receipt tax federal dollars tax spent people petitions create sign house inside white tour interactive january house check offices photo 2012 picks white day office deputy
y9dgZx	1	AZ	nutrition ncbi parent nutr challenges pubmed health education 2011 public function web ncbi javascript site warning requires management citation external file generate software school usa los university wslussermednetuclaedu 90024 community angeles sciences health department california ca public interventions ii foods families education children participating knowledge factors iii purchasing current parents
jGxok5	1	AZ	united army states chief staff relevant force leaders people profession highly honored trust willingly army american bedrock decisive families men serve soldiers women wide great missions effective nations ranks range action country passivemore fight assault soldiers sexual harassment armys odierno army mayjunemore chief commentary ray gen wrote staff 101st division
xQESa1	1	AZ	versus 1976 ncbi spine pubmed spinal fusion pa phila effectiveness 2011 function web ncbi javascript site warning requires management citation external file generate software school ma usa service orthopaedic spine boston medical 02114 general kbwoodpartnersorg harvard massachusetts surgery hospital review systematic spondylolisthesis presence back chronic determine clbp low treatment pain
w1KEJs	3	AZ	24 apod january norway aurora 2012 fascinating discover featured written image explanation day photograph astronomer cosmos universe professional 24 january 2012 earth captured northern sky spectacular aurora recombining oxygen large activity round throwing protons sun flare pictured eagle night free latitudes days magnetosphere whats feel powerful mass cloud earths fast
ou2TaG	3	AZ	states adelphi united army dayread adelphi work center bring celebrated 26 lab month april child military army uso ann materiel duringmore commander command honored dunwoody gen md army science proving 50 technologymore senior aberdeen ground santos major headquarters ronald master sergeant armymore asians month pacificmore american asianpacific heritage celebration encouragingmore
xm5qZC	3	AZ	house white state union video watch enhanced transparency commitment browse house white logs visitor wait executive actions president obama federal receipt tax federal dollars tax spent people petitions create sign house inside white tour interactive event live facebook discussion participate click member facebook give click questions comments httpwwwwhitehousegovvideo ondemand library
zPZpYl	4	AZ	apod 21 january days sun 2012 fascinating discover featured written image explanation day photograph astronomer cosmos universe professional january 21 2012 summer caused month bright paper radio spells 21st northern chosen sky suns 2011 sunny dark records made years day entire university hemispheres weather fixed view telescope trails gaps sun
9rcmgE	3	AZ	13 center tornado watch prediction storm status report 13 watch messages information network service national warnings visit iwin weather interactive 40 mod 20 low 30 mod 30 mod 40 mod 30 mod high 70 f2f5 probability forecaster 70 60 table event increased category tornadoes probabilities issuing 5 low moderate events
wVon3z	1	AZ	conversions rollovers reporting roth 2011 2010 topics retirement plans community irs resources 2010 conversions rollovers tax report return income 2011 2010 half taxable amount 8606 20a conversion distributionsif distributed ira 2010 form part report line 2011 roth amount 8606 inplan rollover retirement distributed ira 2010 form 25a part plan report
A5W2bs	1	AZ	synthetic computational ncbi microbiol rev pubmed desi nat tools 2012 function web ncbi javascript site warning requires management citation external file generate software groningen biomolecular netherlands nijenborgh ag institute university microbial sciences 9747 7 department biotechnology physiology computational developed integration shape regulated biologist tools synthetic support finally offer de biosynthetic
u00RkQ	1	AZ	lipoic inflammatory chronic text clinicaltrialsgov demyelinating full treat acid polyneuropathy view lipoic inflammatory chronic examine purpose cidp alpha acid effective study demyelinating treatment polyneuropathy firstline caused cellmediated la reactive production treatment plasma ivig effects treating progressive oxygen antiimmune activity disorder side temporarily peripheral reduce cost corticosteroids increase mediated intravenous responses
zTFYgW	1	AZ	fibromyalgia ncbi rep past pubmed 2004 curr headache pain pres history function web ncbi javascript site warning requires management citation external file generate software yunusuicedu usa illini university 61605 drive illinois medicine college department peoria il concept proposed smythe developed entity sleep disabling symptoms serotonergicnorepinephric term fibromyalgia rheumatology electroencephalogram college
tBVDiC	1	AZ	2055 hr house white statement president state union video watch enhanced transparency commitment browse house white logs visitor wait executive actions president obama federal receipt tax federal dollars tax spent people petitions create sign house inside white tour interactive house white office press secretary consolidated operation 2055 today 2012 government
8E1DXY	1	AZ	specialcollectionsnalusdagov collections manuscript usda manuscript related held agricultural involved agriculture special variety 19th individuals collections papers department include archival activities centuries 300 21st houses worked organizations records materials photographs manuscript organized related individual aids special information field provide content materials collections finding email correspondence collection journals organizations items notes work
cWj8HP	1	AZ	web student aid click information additional addition alternate listing format student center braille 18004333243 federal publications aid audio 18004fedaid introduce college student pages web programs federal pay section publications aid application apply web federal section free student pages fafsa publications aid called student loans pages web federal section publications explain
5OM65u	1	AZ	12 center tornado watch prediction storm status report 12 watch messages information network service national warnings visit iwin weather interactive 30 mod 20 low 20 low low 10 low low 40 mod f2f5 probability forecaster 70 60 table event increased category tornadoes probabilities issuing 5 low moderate events awareness listed
vnrjr0	1	AZ	great paterson national park falls historical search industrial played national site revolution nations parkhome industries power service role 7 largest interior 2011 jarvis economy ken building spectacular park waterfalls designated falls director key november shaping jon great harnessed americas american salazar 397th secretary twitter sign follow paterson events great falls
oj9bJg	1	AZ	mobile mlearning gallery applications usagov adl guide considerations office developed topics planning design learning initiatives ousd provide personnel government distributed content app universal development intended readiness mlearning introduction explore sponsored purpose pertinent adl advanced basics resource mobile official options defense team initiative guide secretary function 27 return september de spanishdated
zdlHnp	1	AZ	united affairs senate hearing states indian committee meeting view united affairs senate states indian committee meetings hearings webcast view seneca salamanca odawi robert indians nation ny president honorable porter school dean nm mexico administration albuquerque mr washburn law university kevin school rose professor nelson encino mr senior law ca whittier
Av3Uqw	1	AZ	eating ncbi disorders disturbances review pubmed sleep clin ter 2011 function web ncbi javascript site warning requires management citation external file generate software chieti dannunzio italy university psychiatry imaging department neuroscience chair proposed disturbances focus sleep microstructure anorexia feeding disorders binge presence neurobiological metabolism relationship differences neuroendocrinological psychiatric suffering part
xeJJ1y	1	AZ	grant grantsgov opportunities synopsis opportunity find precedence service disk electronic click information grant provide notification send inconsistency document email resolved notifications printed address opportunity emails change receive thing giving original requestedany modification description represent newest file oldest previous shown documents current document sections files background representing modifications arranged changed list
Stnj	3	AZ	hemisphere enlarged northern view documentwritelnbr polar documentwritelnn pass measurement documentwritelncenter time passtime recent extrapolated pass auroral oval plot northern measurements current shows polar satellite hemisphere extent noaa recent position poes hand plot clock noon points arrow meridian red ten map color updated auroral observed underlying statistical pass oval respect fluxes
4dwBHm	1	AZ	picture astronomy day fascinating discover featured written image explanation day photograph astronomer cosmos universe professional 11 2012 bright distant earth disk 20 fit easy weeks apogee photographed perigee dark day telescope pacific dense sun asia moon smallest full 300 annular 240 kilometers path super silhouetted filter point image visible smaller
iRHugS	1	AZ	wise ncbi bus rev pubmed harv 2011 leader function web ncbi javascript site warning requires management citation external file generate software hitotsubashi university tokyo abilities judgments essence global bring decisions find rapidly knowledge demographic 3 4 good spur reinvent leaders people society trends phronesis fathom adhere increasing power nature discontinuity
ftEw0I	4	AZ	uscis study materials english test sentences tools speak application writing write materials correctly test reading speaking ability form eligibility interview started uscis prepare read n400 portion determined officer components english naturalization study additional section products select short naturalization process overview video test providing requirements citizenship process eligibility naturalization presentation practice
8K835V	1	AZ	finding state georgiagov holidays 12 employees holidays state observe year holidays state offices closed 2012 dont 116 year total applies current holiday schedule equivalent holidays 120 weekend 8hour earn employees work days time months period fourmonth holiday youll equivalent paid coming day earn working work time construed general information service
