AhvmIu	1	OK	c_char_p(23777092)
150pf	1	OK	c_char_p(23922516)
xuYeIi	1	OK	c_char_p(22632676)
yXUDgV	1	OK	c_char_p(31542804)
9bj1Pm	3	OK	c_char_p(62008084)
bhYcdV	5	OK	c_char_p(22940708)
a94yVn	1	OK	c_char_p(22958180)
sgcY98	1	OK	c_char_p(23168100)
zr2jZP	1	OK	c_char_p(22845220)
b2uIyI	1	OK	c_char_p(23775796)
Abn6sj	2	OK	c_char_p(22891428)
whzhVi	2	OK	c_char_p(23712820)
dhyQ97	2	OK	c_char_p(41910196)
qO22	1	OK	c_char_p(22883844)
crlJBQ	4	OK	c_char_p(24294644)
m3yX13	1	OK	c_char_p(23177428)
d7PFbS	8	OK	c_char_p(23743012)
68MKg6	1	OK	c_char_p(23929732)
fd1bnN	2	OK	c_char_p(22855828)
yR52Wk	1	OK	c_char_p(23753764)
9nByMb	1	OK	c_char_p(24127796)
9srtah	1	OK	c_char_p(22857908)
bDlcVM	4	OK	c_char_p(41712980)
qQj0K	1	OK	c_char_p(23782948)
xBhvtQ	1	OK	c_char_p(23589652)
ABJeW0	1	OK	c_char_p(22890868)
bdzxVb	11	OK	c_char_p(23774452)
gilcS	8	OK	c_char_p(22967076)
lhjYbo	1	OK	c_char_p(47854356)
Wb3Nl	1	OK	c_char_p(76179764)
aDqbET	1	OK	c_char_p(22939156)
