xqp3Hl	2	PA	grant grantsgov opportunities synopsis opportunity find precedence service disk electronic click information grant provide notification send inconsistency document email resolved notifications printed address opportunity emails change receive thing giving original requestedany modification description represent newest file oldest previous shown documents current document sections files background representing modifications arranged changed list
vjftXS	1	PA	status thomas congress bill library summary 112th samdt1126 2011 2012 amendment purposeto united section citizens authority detain states limit forces 1031 armed amendment text submitted s7745 cr status cosponsors9 webb va ron jeff harkin vt il 11172011 steven ia sen merkley richard jim mark kirk wyden tom 1212011 udall mike
jRIQD0	1	PA	full clinicaltrialsgov text cells regeneration stem tissue ligament periodontal autologous view ethical medical declaration deep randomized tissue ligament periodontitis regenerative confirm regenerate conducted clinical 5 fourth medicine safety placebocontrolled mm university stomatology stem efficiency purpose military approved school committees clarify cells helsinki trial patients pdl singlecentre intraosseous periodontal study autologous
tnCiaj	2	PA	versus rehydration rapid ncbi bmj standard paediat pubmed 2011 intravenous function web ncbi javascript site warning requires management citation external file generate software toronto division emergency hospital paediatric stephenfreedmansickkidsca sick medicine canada children rehydration determine results standard gastroenteritis outcomes children rapid improved administered hydration clinical intravenous pragmatic site single arm
qvXnXj	1	PA	entrez genome view viewer map resources ncbi data genbank organism sequencing projects resources related databases cytogenetic features reference sequence viewer hybrid maintained displays human ests contig tiling physical contigs stss ncbi alternate radiation maps genetic grc predicted include fish genome map graphical assembly models genes component gnomon clones path bac
jvgoiQ	1	PA	text tolerability hesc clinicaltrialsgov related rpe macular safety degeneration full derived advanced dry ma09hrpe age patients transplantation view cells subretinal related rpe human macular exploratory epithelium cell potential safety evaluation tolerability degeneration dry efficacy evaluate age retinal effect pigment therapy studies cellular injection stem perform cells trial patients future endpoints
jY4NNl	1	PA	full efficacy text clinicaltrialsgov stem cell patients safety therapy autism view limited verbal communication repetitive spectrum angiogenesis human abnormalities strategy hucmscs autism response shown disorders remains hcbmncs umbilical modulate current immune safety suggesting progress obsessive patients mesenchymal cord ability efficacy promising effect treatments blood key asd impaired mononuclear stem interaction
ldLXDi	1	PA	stargardts macular full hesc derived clinicaltrialsgov dystrophy patients transplantation text rpema09hrpecells view subretinal human stargardts macular epithelium cell safety smd tolerability evaluate retinal effect pigment injection stem cells dystrophy trial patients derived embryonic subretinal tolerated ma09hrpe cells safe hescderived absence transplantation rpe considered engraftment consist successful evidence 1 cohort cells
mKwaId	1	PA	platinum full cancer resistant recurrent ovarian clinicaltrialsgov trial patients therapy text vaccine view cancer relapsed reduce epithelial unfavorable platinum develop variety ovarian symptoms prognosis clinical treatment chemotherapy include patients good extend drugs survival included line condition receiving resistant study disease severe treated discontinued investigators cell htert mrna cancer addition stem
aBOmIu	1	PA	partners benefits federal employees domestic memorandumextension house samesex white presidential state union video watch enhanced transparency commitment browse house white logs visitor wait executive actions president obama federal receipt tax federal dollars tax spent people petitions create sign house inside white tour interactive house white office press secretary memorandum heads
bREk8i	1	PA	government house executive contracting white order economy state union video watch enhanced transparency commitment browse house white logs visitor wait executive actions president obama federal receipt tax federal dollars tax spent people petitions create sign house inside white tour interactive homeowners refinancing house twitter responsible answers hours brian office questions
jl2WLy	1	PA	cord decompensated full clinicaltrialsgov text cells view umbilical stem patients transplantation liver human cirrhosis mesenchymal cord cost hepatocytes donors lack regeneration replace high effectively cure hucmscs shown application provide suggest contributed strategy safety limit mesenchymal injured decompensated option efficacy bmmscs postoperative human derived umbilical cirrhosis failure suffering liver marrow stem
vZUSY0	1	PA	polar lander target system past exploration solar mars missions microprobes instruments measure deep sample martian pentrate surface arm cameras soil regions 2 mars composition polar lander equipped landing goals robotic firstever carried space false mishap accomplishments speed high engines investigation mars main legs polar shut lander crashed landed descending deployed
w7sE7P	1	PA	physicians ncbi med ann manual intern american pubmed college ethics 2012 function web ncbi javascript site warning requires management citation external file generate software em ac barr fleming cr reynolds ep maynard snyder weinberger mitnick potts ms wa cleaveland jr da andrews dw dembe johnson epstein sm cutler webster damico
jtxc9i	1	PA	full multiple sclerosis clinicaltrialsgov stem cell transplantation text effects view evaluation side autologous mesenchymal produces laboratory caused malignant neuroregenerative limbs neurodegeneration disability young destroyed neuroprotection transformation animal means axons stop induce sphincter effects accumulate areas neurological progressive individuals neuronal bone therapeutic myelin reduce sensation rate shown affects occurs rebuilding patient
mIJeWz	1	PA	prospective text clinicaltrialsgov randomized melanoma cultured cell il2 lymphocytes chemotherapy full lymphocyte tbi metastatic therapy infiltrating conjunction shortterm regimen study tumor nonmyeloablative depleting w1200 view background chances adding treatment lymphocytes tbi therapy large individuals irradiation temporarily laboratory cell receiving body metastatic improve received tumor length slightly experimental total comparing addition
sibShE	1	PA	ncbi community environmental pubmed health discovering epidemiol 2012 function web ncbi javascript site warning requires management citation external file generate software school usa university srappaportberkeleyedu health 947207356 berkeley california ca public concept genomewide focus sources including poorly relationships causality finally complex untargeted unsuited thousands endogenous mortality twothirds mechanisms diseases gestation
Omemy	2	PA	current impact risks introduction monitoring impact frequently asked questions notes operational jpl table earth click impact based system detected potential observations events details full object lists designation sentry future page highly collision earth cases impact unusual monitoring review system continually current detected asteroid iau scans underway results catalog automated analyzed
uQv1W	1	PA	business checklist starting small businessselfemployed small businessselfemployed topics irs resources construed follow allinclusive start basic type business checklist list specific steps industries information page specific web found industriesprofessions business web site states operating statelevel information requirements additional state starting refer business steps small starting administrations refer topics referencesrelated web business
vhTD0B	1	PA	flood fema significant events 31 2012 march 1978 named reasons attempts tropical 1500 change storm include apparent occurred subjective federally report areas popular heavy declared disaster states single naming event hurricane occasionally events begin added paid rain significant counties created losses thing time tuesday modified 08may2012 edt 112602 links nongovernment
yoIiZA	1	PA	repair chairs due hazard high fall recalls ikea named washington instructed canada voluntary consumers illegal commission safety cooperation health announced firm product stop dc recalled resell attempt immediately recall products today consumer product antilop chairs high 36000 169000 133000 units canada north conshohocken llc importer pa services ikea america unexpectedly
4wQ6	1	PA	glacier webcams national park search migrated cabins number years landscape habitat area trademark mark station fork lived north packs fire polebridge park occurred historic unburned 50 large view draw apgar robert national share back 1980s fires diversity species canada mountain glacier section views ideal forest burned conditions notice recently nature
tkW5ZZ	2	PA	year blog photos 2011 fema photographer photos amazing fema give spread message pa shout mitigation picture joy 12 served comment accordance comments blog moderated policy femas links nongovernment social applications web fema provided reference media companies sites endorse msgdata washington street apply management prepare federal rates homeland department 4fema emergency
uvPOWz	2	PA	empowering united partners implementation extremism prevent house strategic states violent plan local white state union video watch enhanced transparency commitment browse house white logs visitor wait executive actions president obama federal receipt tax federal dollars tax spent people petitions create sign house inside white tour interactive house white office press
qj1i9m	3	PA	grant grantsgov opportunities synopsis opportunity find precedence service disk electronic click information grant provide notification send inconsistency document email resolved notifications printed address opportunity emails change receive thing giving original requestedany represent newest file oldest previous shown documents current document sections files background representing modifications arranged changed list grey synopsis
fZFR1M	1	PA	intratumoral ncbi neurooncol pubmed imatinib concentrations 2010 function web ncbi javascript site warning requires management citation external file generate software mholdho1jhmiedu cancer johns ii brain street m16 orleans 21231 sidney research 1 program medicine suite usa md comprehensive building 1550 school center hopkins university kimmel baltimore magnetic surgical malignant ratio
sFxASx	1	PA	mechanics sci ncbi foot proportions biol joint pubmed ankle proc dif 2012 function web ncbi javascript site warning requires management citation external file generate software life center usa sciences pennsylvania university social park state 16802 kinesiology pa imaging mechanical department orthopaedics rehabilitation engineering externally magnetic human previous ratio overlying location
gzdtyO	1	PA	endothel ncbi scand stromal derived cell cardiovasc pubmed 2011 mesenchymal function web ncbi javascript site warning requires management citation external file generate software hearth university centre denmark rigshospitalet stem cell catheterization 2014 cardiac laboratory hospital copenhagen endothelial feasibility angina trial stromal coronary cell safety progenitor msc mesenchymal efficacy stable derived
mBzASJ	1	PA	acute nk based diseases full text clinicaltrialsgov cell nonmyeloablative transplantation myeloid view move ii design total based additional 28 43 response 1 2 treatment 9 stage achieve diseases enroll accrual highrisk free leukemia early met twostage phase years neutrophil day haploidentical acute multiinstitutional nkcell 15 engraftment enrollment disease rule nonmyeloablative
jSNUzQ	91	PA	hsf realtime space human flight data control uptotheminute mission spacecraft path data make sky project applet reside significantly 336 download skywatch cache approximately access internet files 144 downloading 300 sufficient downloaded data 10 hard minutes clear required drive connection nasa time modem kbps updated official responsible amiko curator notices nasa
iQzeAF	1	PA	full auto cells myeloma clinicaltrialsgov text redirected advanced view tcr primary high subjects safety magea3 affinity tolerability evaluate express genetically hlaa2 hlaa1 nyeso1 transduced cells modified objective autologous chains features previously requiring urine modified systemic detectable serum redirect ratio disease elevated cell genetic subjects safety genetically paraprotein tolerability responded multifocal
vAbrb8	2	PA	grant grantsgov opportunities synopsis opportunity find precedence service disk electronic click information grant provide notification send inconsistency document email resolved notifications printed address opportunity emails change receive thing giving original requestedany modification description represent newest file oldest previous shown documents current document sections files background representing modifications arranged changed list
hob89j	1	PA	full matrix text study indonesia clinicaltrialsgov hepatocyte implant view ethical reasons blinded matrix due hepatocyte randomization clinical monocentric implant evaluation indonesian investigation phase law approved pilot study disease practical conducted switzerland therapeutic adapted nonrandomized developed surgical human completion 20 technique treatment factor weeks bio biopsy formaldehydefree matrices polymers compassionate specific
4dwBHm	1	PA	picture astronomy day fascinating discover featured written image explanation day photograph astronomer cosmos universe professional 11 2012 bright distant earth disk 20 fit easy weeks apogee photographed perigee dark day telescope pacific dense sun asia moon smallest full 300 annular 240 kilometers path super silhouetted filter point image visible smaller
k4YKSN	1	PA	full melanoma text modified clinicaltrialsgov tumor metastatic lymphocytes infiltrating view background cancer kill til system attack lymphocytes white easier hope suppress cells modified patients aldesleukin back alive tissue melanoma giving current immune il2 therapies body treatments standard blood infiltrating improve tumor person makes responded researchers designed objectives specially treatments infiltrating
uHD4Z6	2	PA	received united description government image blog states usagov president truman ambassador image states bengurion truman united 8 prime israel menorah description abba 1951 minister president received gift david eban archives photo national responsible comments content hope conversations polite 13 older discriminate views delete comment questions violate discussion comments continually add
5eZMeW	1	PA	statistics adoption connected stay findings national private trends statistics provide data research field state foster adoption international public resources analyses intercountry present care period years statistical gateway information statistics needed effort publish current 2 analyze resources provided released analyzed data compile ensure publications time makes childrens findings outcomes states report
usidHA	1	PA	house year photos 2011 white state union video watch enhanced transparency commitment browse house white logs visitor wait executive actions president obama federal receipt tax federal dollars tax spent people petitions create sign house inside white tour interactive pete moments house shares photographer souza white 2011 official shot house days
yoI36l	2	PA	repair chairs due hazard high fall recalls ikea named washington instructed canada voluntary consumers illegal commission safety cooperation health announced firm product stop dc recalled resell attempt immediately recall products today consumer product antilop chairs high 36000 169000 133000 units canada north conshohocken llc importer pa services ikea america unexpectedly
46Avi1	1	PA	star vampires power standby energy star energy join star vampires power standby energy home displays vampires office simply tools addition chargers waste function sucking powerwall outlet wasted cases devices providing referred control phones energy turned slowing result home ipods functions clock electronic plugged cell equipment causing products electronics charging power
suy6Cw	1	PA	house white state union video watch enhanced transparency commitment browse house white logs visitor wait executive actions president obama federal receipt tax federal dollars tax spent people petitions create sign house inside white tour interactive event live facebook discussion participate click member facebook give click questions comments httpwwwwhitehousegovvideo ondemand library
JJgjA	14	PA	congress nominate national preservation registry films library film board mandating consulting inclusion december national suggestions preservation select experts reviewing plan library alternates established pl110336 end implementation 44 extensively 1988 passage film heritage films save public announced board reauthorization extended recently congress 25 continuing authorizes registry members librarian law 2008 sound
aGrvo1	6	PA	metab ncbi int nutr chocolate exerc pubmed 2006 postexerci sport milk function web ncbi javascript site warning requires management citation external file generate software applied usa laboratory university bloomington 47405 dept kinesiology health human science performance indiana rating endurancetrained results cyclists milk tte isovolumic 4 bout greater workout bouts fluid
kNIfol	2	PA	full amyotrophic efficacy study derived clinicaltrialsgov sclerosis stem cell safety bone marrow view text lateral autologous treatment inj marrowderived als intrathecal treatment safety cellshynrcs efficacy evaluate stem delivery purpose study patients autologous bone hynrcs inj consists laboratory als adverse 2 safety 7 test clinical intrathecalit effect step study evaluated patients
bKCzpO	1	PA	web student aid colleges financial community grants repaid click universities requirements additional variety federal review program details grant offer students attending schools loans unlike career fouryear page quick aid eligibility financial grants apply based application federal submit read listed fafsasm eligibility free student factors aid page program undergraduate certificate pell
eSyMLp	1	PA	bone full clinicaltrialsgov hiv text regeneration cirrhosis project patients transplantation liver marrow autologous view restore autologous hematopoietic functions interventional long cell investigation infected decompensated hiv evaluate stem liver marrow cirrhosis patients transplantation safely bone 24 significance evaluate pretransplantation statistical weeks efficacy defined cirrhosis liver condition progressive treatment improvement change indicators
ls6fat	1	PA	dilated full efficacy study text clinicaltrialsgov cardiomyopathy stem cell patients safety intramyocardial therapy view heart reduce direct preclinical enhanced shown capacity remodelling 1year data cell intracoronary exercise dilated nonischemic survival stem delivery diseased effects background cardiomyopathy improve route ventricular patients transplantation intramyocardial demonstrate aims control methods secondary perfusion ventricular peripheral
mN9F5p	1	PA	full multiple myocardial mononuclear cells precision ischemia clinicaltrialsgov text intramyocardial injection marrow bone view heart marrow mononuclear safety placebocontrolled ischemic multiple precision failure injection randomised efficiency study patients transplantation intramyocardial cells bone culturing human improvement treatment risk therapy patientsusing immunosuppressive require bone ethical methods haemopoietic remodelling increase noga stem step
tWJPL6	1	PA	surg ncbi patellar sports arthrosc pubmed treatment knee te 2011 traumatol function web ncbi javascript site warning requires management citation external file generate software sahlgrenska institute university mariaehlarssonvgregionse academy sweden clinical neuroscience department rehabilitationphysiotherapy physiology gothenburg compare methods randomized trials review treatment optimal painful common controlled published treatments purpose summarize
ifDCe2	1	PA	cord loss full clinicaltrialsgov fraction acquired umbilical hearing safety blood human mononuclear view text children autologous treat objectives study development acquired hearing corti augment functioning children reparative leads function cell correlating impairment poor greater normal treatments difficulty designed hair loss language organ developing cells diminished experience sensorineural academic severe injured
3yjibE	1	PA	morristown park national historical search days shoes absolutely morsel deep officers single boiled limb bark nights pet literally snow keystone black starving wasjoseph food mouth birch put arch killed ate dog gnawed starved martin starvation whats spring national morristown parks version exciting happening scenes stories historical effect ford tours mansion
kjROra	1	PA	full based disorders metabolic text clinicaltrialsgov hepatocyte transplantation liver view limited partial transplants number determine alternative transplant survive extensive diseases therapy liver present lifethreatening organ patients liverbased medical irradiation human metabolic goal provide research cell subjects purpose effective study transplantation time experimental gy dose single planning intensitymodulated acceleratorbased transplant 3550
hAl5rh	6	PA	gluten ncbi sensitivity markers celiac biol psychiatry pubmed 2010 dis function web ncbi javascript site warning requires management citation external file generate software school pediatrics usa hopkins johns sheppard research 21204 medicine pratt program fdickersonsheppardprattorg department stanley maryland baltimore increased sensitivity reported schizophrenia inconsistent association gluten immune studies 151 chain
jjHHaH	8	PA	hudno11134 hud notice rights homeownership disclosure announces revised servicemembers protects protecting militaryfederal dependents law disclosure duty civil revised washington housing department announced relief development urban notice form servicemembers emphasizes active dependents rights protected today act military duty foreclosure mandates wartime states active rate including court proceeding mortgage personnel percent valid
sAOGNG	1	PA	grant grantsgov opportunities synopsis opportunity find precedence service disk electronic click information grant provide notification send inconsistency document email resolved notifications printed address opportunity emails change receive thing giving original requestedany modification description represent newest file oldest previous shown documents current document sections files background representing modifications arranged changed list
yD6xBg	1	PA	apod january dione titan 5 ringside 2012 fascinating discover featured written image explanation day photograph astronomer cosmos universe professional january 5 2012 spacecraft remarkably giant saturns outer 23 arcing slicing saturn shadows perpetual bright 300000 view 5150 frame titan perspective year pale bottom rings stunning shares moon haze moons orbiting
wnTaee	2	PA	news rxte gof search advanced messages list xtenews mailing archive results page publications rxte archive releases science highlights press rxte march 17 2012 february 15 2012 january 2012 23 items year news rxte 2012 2007 2006 2005 2004 2003 2002 16mar2012 friday maintained edt rxte 151400 gof modified page division
ifRMjx	4	PA	federal holidays 2012 6103 observed saturday usc federal schedule note sunday 5 establishes holiday public nonworkday monday friday holidays law employees work falls executive purposes years leave federal pay section legal 1 sunday 2 11582 3a holiday public 2012 monday falls day february january employees 1971 11 treated order specifies
jVQtpn	1	PA	tolerogenic full text cells arthritis clinicaltrialsgov dendritic rheumatoid autodecra autologous view arthroscopies dose acceptability system removal finally treatment weeks worse fluid sooner joint 2 therapy effects affect activity rheumatoid investigators tolerogenic series feasibility toldc research 3 safety ra manufactured arthroscopy study days drug place reassessed undergo control leukapheresis facility period
hJlNRQ	1	PA	ncbi glycogen high aft appl rates physiol resynthesis 2008 muscle pubmed function web ncbi javascript site warning requires management citation external file generate software school australia medical victoria bundoora sciences rmit university 3083 evidence 133 intervals dw aktser473 completion 234 kinase passive 4 samples microm 8 plasma evening increased lowcho
uULivq	1	PA	1994 reform national library insurance flood act fema major disaster national risk reducing tools insurance amended expenditures reform federal make damage flood program floods resulted achieving damaged protection goals properties 1994 effective 1973 nfip act uninsured download plugin links plugin require plugins page view pdf adobe acrobat links nongovernment social
r98vlL	1	PA	hip med ncbi regeneration osteon case pubmed reports human bones 2011 function web ncbi javascript site warning requires management citation external file generate software miplant korea gangnamgu floor chungdamdong jaewoopakpaksmedicalcom 323 clinic fourth stems seoul abstract adiposetissuederived series hyaluronic dose human bones acid addition regenerate platelet low rich osteonecrosis clinical
sgcY98	1	PA	house submit comments questions white state union video watch enhanced transparency commitment browse house white logs visitor wait executive actions president obama federal receipt tax federal dollars tax spent people petitions create sign house inside white tour interactive accessible committed comments questions open staff administration send concerns wellwishes creating form
keCpGB	1	PA	full clinicaltrialsgov text cells view umbilical stem 1 mellitus infusion mononuclear diabetes type mesenchymal uscmscs hypothesize concomitant tissues regeneration intraarterial mild experiments ucmscs infusion mononuclear betacell provide trials mellitus improvement signals clinical animal maximized local mesenchymal angiography multiple quantities regard umbilical stem redifferentiate control therapy marrow diabetes pancreatic cells diabetic
sVVdyO	3	PA	apod full january aurora sky 3 norway 2012 fascinating discover featured written image explanation day photograph astronomer cosmos universe professional january 3 2012 atmosphere unexpected ago striking sky magnetic results 60 lies stretched airplane rarely viewed complete mountain realm wide space image poles horizontally molecules auroral circle norway aurora higher
zH17Db	1	PA	lakeshore dunes national indiana winterfest search temporarily lot 28 kemil park due state construction closed parking expected east open road 2012 national 1200 embrace paul education saturday lakeshores winter dunes douglas 7 indiana pm lakeshore environmental pm400 celebration center january fun winterfest outdoor show skis indoor paper including skiing staff
A0LA5K	1	PA	1801 2056 hr 1059 2422 2845 789 1264 white statement house press 515 1892 secretary state union video watch enhanced transparency commitment browse house white logs visitor wait executive actions president obama federal receipt tax federal dollars tax spent people petitions create sign house inside white tour interactive house white
nnftzk	1	PA	k12 classrooms maps historic edsitement presented cartography developed library bring k12 documents smith historically map students dunlap newberry hermon designed significant classroom resource center teachers history share partnered thinkfinity lesson find educational save resources plans free edsitement plans updates lesson resources humanities project edsitement endowment national provided verizon thinkfinityorg edsitement
b2uIyI	8	PA	house white state union video watch enhanced transparency commitment browse house white logs visitor wait executive actions president obama federal receipt tax federal dollars tax spent people petitions create sign house inside white tour interactive event live facebook discussion participate click member facebook give click questions comments httpwwwwhitehousegovvideo ondemand library
tiCHGZ	1	PA	amendments united constitution 1127 states 1127 constitution amendments 1127 110 amendments rights make bill constitutional listed february march 7 congress 1795 ratified 1794 4 passed amendment 11 constitution section modified note 2 article iii construed states united power state subjects prosecuted suit extend equity commenced law judicial citizens foreign 1804
ffFP2w	1	PA	full macular efficacy cnto2476 study text clinicaltrialsgov patients safety agerelated view degeneration 2476 year back related assess macular space bad main degeneration eyes good cnto period therapy purpose injected assessed surgeon study called patients subretinal age effects 2476 related assess result macular safety degeneration cnto evaluate injection study patients age
hb7Uxv	2	PA	allogeneic full clinicaltrialsgov refractory disease stem cell nonmyeloablative patients transplantation text nst crohns hematopoietic view related sibling regimens eliminated graft allogeneic campath addition cell donor virtually versus gvhd propose removes highrisk stem host minitransplantation conditioning phase minimizes matched regimen study disease nonmyeloablative transplantation hematopoietic toxicity cells procedure investigators primary assess
uvUSJr	1	PA	immunocompromised ncbi infection pubmed dev clin bartonella immunol 2012 function web ncbi javascript site warning requires management citation external file generate software usa pennsylvania hospital philadelphia medicine department mosepelemosepeleuphsupennedu university caused escape henselae system paper including establishing examine gaps living develop immune bartonellas quintana severe discuss current scratch milder fever
7P8SZE	1	PA	cert state corps train partner america effort volunteer prepare proud cert citizen agency neighborhood citizens corps criteria guidelines county council organizational follow encouraged category management police completing objectives government contained state program sponsoring listed bottom basic covered local website jurisdiction description emergency fire material agencies standard sponsored representative response included
xdNiTK	5	PA	pap tests color pdf full cancer find pap cervix vagina test checks opens womb part lower smear cells turn sex pap 21 start 3 vaginal tests years women time pap make normal find call test appointment period change cells harder including pap based doctor things nurse tests woman decide talk
wIU7Eb	5	PA	fatty ncbi polyunsaturate nutr pubmed br acidspecific mixed 2010 n6 function web ncbi javascript site warning requires management citation external file generate software nih md usa neurosciences biochemistry section nutritional biophysics bethesda membrane laboratory niaaa chrisramsdennihgov 093 ci statistical specifically ratio 22 95 4 extensive n3n6 increased combination confounding intake
k0PaDw	1	PA	text peripheral clinicaltrialsgov invitro allogeneic wilson cell mesenchymal full efficacy derived stem portal artery marrow cirrhosis vein expanded patients transplantation hepatic bone view sideeffects lack leads brain atp7b production treatment inherited mortality donors dihydrochloride sideroblastic psychiatric lifelong anemia neurological autosomal accompanied disorder physiologic bone reactions surgery medications critical chelating body
lqdMCo	1	PA	tenocyte full implantation text clinicaltrialsgov chronic patients tendinopathy achilles autologous view compare saline 2 treatment versus combination designed groups exercises achilles injection tenocytes study patients tendinopathy autologous entity participate tendinopathies improvement forms treatment processes preferred accepted exact term level overuse common extremity programme concluded guidelines actively review research cell dutch
kF7kM7	1	PA	text clinicaltrialsgov cell safety mesenchymal cord full multiple efficacy umbilical stem therapy neuromyelitis progressive sclerosis optica patients view inflammatory autoimmune neuritis characteristics chronic include neuromyelitis nervous regarded recurrent system demyelinating classically clinical extensive multiple optic longitudinally myelitis transverse nmo considerable heterogeneity central sclerosis disease optica severe ms pathological control human
mdwi9u	1	PA	acute full decompensated text clinicaltrialsgov hepatocyte failure transplantation liver view transplants determine recover goal provide support research cell survive transplant form failure purpose received effective study patients transplantation liver site experiments cell based technique access determined intrahepatic animal riskbenefit function approaches portal liver child vein engraftment considered transplantation time include
mNYfwY	1	PA	heart living healthy live healthfindergov health learn quick guide connect website hyperlink nongovernmental direct application hhs consistent hyperlinks states services human subject information hyperlinked united application contained health endorsement department website intended provided visitors external constitute applications privacy appearance practices products policies purpose link redirected information usaccessibility privacy mapcontact act
zs1del	11	PA	flashlight led target fire burn hazards due sets recalls named washington instructed voluntary consumers illegal commission safety cooperation announced firm product stop dc recalled resell attempt immediately products today recall consumer flashlight product led 6pc sets units 55000 target minn corporation minneapolis importer flashlights fire burn turned hazard heat posing
zRcKkb	1	PA	law troops bill expedited airport screening bailey senator kay hutchison texas orders december washington service traveling trust rtx 20 troops senate legislation late screening house bailey families passed dc yesterday members president kay law expedite 2011 13 hutchisons signed airport act senator family servicemen americans grateful pleased earned easier nation
qID735	1	PA	cord injury full text cells clinicaltrialsgov stem spinal patients transplantation therapy china difference rehabilitation view control poor sci significantly prevent process sense nerve repair perspiration spinal motor dysfunction remarkably adjustment methods damaged disorders show severe cell treat routine urination increasing method mesenchymal cord sequela unsatisfying stiffness function update improve effect
tFY855	2	PA	australia image lakes wales menindee day south december image system fed west ephemeral lake blackened mud 186 flowing wales darling 2011 australia north lakes dark tandou kilometers town water river floods amount menindee small freshwater flooding south longest fashion minor surrounding image marked characteristic inland deltas sea ancient patterns apex
a0Uo3	1	PA	house contact white state union video watch enhanced transparency commitment browse house white logs visitor wait executive actions president obama federal receipt tax federal dollars tax spent people petitions create sign house inside white tour interactive submit comments questions online accessible committed questions open administration comments public website creating president
fo8VAL	1	PA	business tax sbagov expenses deductions small expense business addition capital tax expenses small deductions article discusses vocabulary concepts tax expenses owners business add basic capital renting forprofit tax expenses cost travel paying business trade conducting employees storefront costs common deductible money quality equipment excavating landscaping part specific depreciation deductible deduct
e6yJiM	1	PA	cord full sci text cells clinicaltrialsgov stem spinal injury children autologous view study research purpose event sci repair year primary involve spinal depends follow estimated injuries children cell reducing severity animal suggest divided disability occur current 5 treatment basic injury insult cord north complete advances mechanical science stem helping foster
AnqXpb	36	PA	omega6omega3 ratio atheroscler ncbi cardiovas rep pubmed 2006 curr function web ncbi javascript site warning requires management citation external file generate software metabolic street dakota usa west research 57105 health foundation 1400 nutrition diseases falls billharrisusdedu sioux 22nd institute university south sd inflammatory human cardioprotective ratio enzyme systems include fas
hwVZXK	1	PA	fmri full monitoring intracerebral implantation text patients stem cell chronic stroke clinicaltrialsgov view selection functional pbsc peripheral find number chronic stroke improving aimed lesion markers increased procedure perfusion intracerebral area cortical image hope induces periinfarcted cell potential patient treatment animal test approach neuroplasticity investigated hypothesis corticospinal mechanisms remyelination cd34 stem
bF3eGh	1	PA	toxicol based cur ncbi rev pubmed safety 2007 crit evaluation aspartame function web ncbi javascript site warning requires management citation external file generate software bmagnusoumdedu group burdock usa washington dc bolus dose brain including human neurotoxic aspartic synthetic parameters absorption critical decomposition extensive include plasma methyl food rise effects affect
m24uMx	1	PA	paediatric nk clinicaltrialsgov solid text il15 stem cell refractory transplantation full infusion tumours view haploidentical alleles allogenic tolllikereceptors malignant tumours nkg2d cytokines ligand receptors versus risk propose activation killer therapy recipient treating solid predicted reduced investigators human antigen hla inhibitory cell mediated stem explore obtained study receptorligand transplantation childhood cancer
xGbPke	2	PA	grant grantsgov opportunities synopsis opportunity find precedence service disk electronic click information grant provide notification send inconsistency document email resolved notifications printed address opportunity emails change receive thing giving original requestedany modification description represent newest file oldest previous shown documents current document sections files background representing modifications arranged changed list
x0Rd07	1	PA	ncbi models bo preclinical pubmed imaging res technologies 2011 ejnmmi function web ncbi javascript site warning requires management citation external file generate software hammersmith uk centre medical jordilopeztremoledaimperialacuk bic london research sciences clinical college imaging council 0nn biological imperial campus w12 mrc minimising magnetic comparatively preclinical longitudinal disorders implementation musculoskeletal
giWgJC	1	PA	allogeneic nk full transplantation text cells clinicaltrialsgov stem cell cd56cd3 view donors assess sibling hematological malignancies allogeneic nk selected cell safety propose infusion stem early phase infused study patients transplantation nonrandomized cells investigators major recognize lack number surface identified high kill hematological malignancies ability allogeneic nk relapse remains immunotherapy cell
xO0TNz	1	PA	med ncbi continuing contin health 2004 online prof educ pubmed interactive function web ncbi javascript site warning requires management citation external file generate software canada office medical continuing faculty medicine halifax education university dalhousie defined outcomes satisfaction interpersonal education factors demonstrates research influencing online learners effectiveness physicians explores continuing perceptions
hnR2r8	1	PA	full text clinicaltrialsgov optica stem cell autologous neuromyelitis view hematopoietic transplant years leads including specifically based disability survivors diseases outcomes secondary stability respiratory experiencing 50 optica benefit activity found disorder vision lasting year quadriparesis cns cell affecting hematopoetic cord mechanisms stem hypothesis nmo neuromyelitis rare 30 reports trial transplantation proportion
llDRee	1	PA	full cells infusion clinicaltrialsgov cardiac patients text progenitor transcoronary ventricle physiology single view heart aorta due longterm number related endstage hypoplasia systemic include anomalies pulmonary fontan ventricular surgical procedure syndrome regurgitation generally markedly load physiology potential growth artery view ventricle approach therapies function negative nonvalved disadvantages advances survival hlhs ultimately
wdkAtv	1	PA	grant grantsgov opportunities synopsis opportunity find precedence service disk electronic click information grant provide notification send inconsistency document email resolved notifications printed address opportunity emails change receive thing giving original requestedany modification description represent newest file oldest previous shown documents current document sections files background representing modifications arranged changed list
kfzLgx	1	PA	sarcomas intratumoral full text cells sts radiation clinicaltrialsgov tissue therapy dendritic soft autologous view cancer strengthen related dendritic determine system fight immune participants white blood injection cells tumor study called purpose 133 rt 25 conventional 27 21 administered 28 1 start 7 6 fractions monday friday beam external 20 day
jmfzAb	1	PA	med ncbi thai cell intracoronary pubmed assoc mononuclear 2011 marrow bone function web ncbi javascript site warning requires management citation external file generate software division memorial cardiology hospital bangkok medicine chulalongkorn ssrimahachotayahoocoth department thailand king outcomes controversial cell potential treatment fraction infarction elevation myocardial stemi stem improve ejection st ventricular
gevjm0	1	PA	treating full melanoma text cyclophosphamide clinicaltrialsgov lymphocytes patients metastatic therapy vaccine view autologous therapeutic cyclophosphamide dose phase kill dividing tapc treatment lymphocytes chemotherapy drugs stop effects treating made cells work patients stopping aldesleukin giving side autologous therapeutic antigen back growth laboratory tantigenpresenting melanoma ways vaccines immune build boost body effect
kptiEK	1	PA	perianal full clinicaltrialsgov efficacy fistulas adiposederived cells disease stem patients complex safety treat text crohns view eascs determine perianal complex safety treatment efficacy stem fistulas purpose cells expanded disease crohns patients study adult limited distress surgery perianal incontinence recurrence source complex fistulas great suffers disease crohns options process requiring tissues
qJIIcL	1	PA	basics exportgov export set money commitment identify export facts create preparing implementation seek assistance internal bank statement timetable international save defining loan helps status creating business objectives important plan assemble companys requests present advance financing milestones success analyzing completing required specific future time action making constraints anticipate gauge goals topics
tdf5en	1	PA	essay med acad ncbi contest humanism plac pubmed medicine 2011 function web ncbi javascript site warning requires management citation external file generate software school usa university reno nadahlmedicinenevadaedu medicine nevada activity browsing empty recording activity turned recording turn back information usa 20894 center pike rockville national md library bethesda medicine
m8upsd	1	PA	full text cytomegalovirus clinicaltrialsgov reactivation specific cmv view cd8 cells autologous treatment prevent warrants posttransplant reactivation assess antiviral copy cmvspecific worsening drugs infusion number virus therapy assessed objectively level tcells time cmv autologous investigators viral number periods hematological malignancies allogeneic remains morbidity cell approach mortality allosct expose stem immunosupression significant
e0oPXP	1	PA	homeogh text clinicaltrialsgov gvhd graft cell safety treat acutechronic mesenchymal versus full clonal derived stem host marrow study disease bone view homeogh intra graft multicenter administration clinical safety treatment versus evaluate host phase venus official disease trial patients title fiveweek coltd sponsor homeotherapy week group study label single safety design
fsmPWA	1	PA	cord full efficacy umbilical clinicaltrialsgov critical safety blood text limb injection ischemia view nonsurgical determine participant medically refractory treatment vascular peripheral cord affected leg umbilical stem blood improve severely lower cells flow disease extremity study purpose vancomycin measure iv simply 1 cell intramuscularly 05 cord leg ativan stem discomfort blood
crGNMv	1	PA	star energy money products money home 2200 bill energy annual approximately single home typical heating cooling water heating dishwasher appliancesincludes dryer washer refrigerator clothes lighting monitor player tv dvd electronicsincludes computer vent ceiling power otherincludes fans settop telephony boxes external home audio adapters lawrence house memo spreadsheet source berkeley laboratory
swTkoc	1	PA	past edsitement mapping presented share map columbus detail christopher socalled xpeditions society national credit courtesy geographic lewis produced passage finally hope views reflected early cultural aspirations world collect investigate andor people discover alive understood internet discovery experience times range examining clark period marked lesson perspectives working interacted artifacts west noting
b2UtUJ	1	PA	picture astronomy day fascinating discover featured written image explanation day photograph astronomer cosmos universe professional 11 2012 bright distant earth disk 20 fit easy weeks apogee photographed perigee dark day telescope pacific dense sun asia moon smallest full 300 annular 240 kilometers path super silhouetted filter point image visible smaller
oGu4ns	1	PA	living healthfindergov healthy quitting live learn quick smoking guide connect website hyperlink nongovernmental direct application hhs consistent hyperlinks states services human subject information hyperlinked united application contained health endorsement department website intended provided visitors external constitute applications privacy appearance practices products policies purpose link redirected information usaccessibility privacy mapcontact act
bfSqoD	1	PA	product earns energy label star product earns energy label products home star star money energy governmentbacked helping efficiency energyefficient trusted protect environment practices products save symbol established star energy label set energy principles based label establishes product star specifications efficiency key requirements earn meeting products guiding epa prompt generally energy
rZ3ro2	1	PA	press release dhss statewide national collaborating americorps ending legacy jrs kings 27 service beginning delaware jan delmarva 9 tribute holiday 2011 hero blood dr castle bank king luther 16 drive volunteerdelawareorg martin dec urgent donating hero lifes make delaware question donate type pint week appointment derived drives answers lives blood
ojMMLD	1	PA	efforts 12 nc recovery ncdot rpp false features links color hashtags twtrwidget 250 230 011445 rendersetuserncdotnc12start live 3 width theme version tweets ffffff type profile shell 30000 timestamp background 2 height true fff25f interval avatars 3f528f scrollbar behavior loop alerts follow ncdotnc12 minute bridge prevent closures temporary tomorrow end nc
wNOuLZ	1	PA	mercury apod 12 april 2003 horizon fascinating discover featured written image explanation day photograph astronomer cosmos universe professional 2003 12 april show suns month disk sky degrees location unobscured march twilight positions year 7th close sunrise planet sun wanders times april horizon pick visible mercury earths trickery leading informed combined
GYE9	5	PA	tutorials medlineplus health interactive education tutorial easytoread presents variety symptoms health treatment wellness tutorials conditions patient diseases includes graphics audio language institute medlineplus diagnosis learn animated surgeries prevention interactive adobe prompted download tutorial flash note start version tutorials 8 httpgetadobecomflashplayer require mobile twitter subscribe version updates follow email rss national
lXmlC0	1	PA	lek ncbi diabetic vnitr pubmed critical treatment limb 2011 ischemia function web ncbi javascript site warning requires management citation external file generate software centrum diabetologie praha michaldubskyikemcz ikem assess limb adverse potential safety effectiveness evaluation events stem therapy study aim critical cells autologous ischaemia glycated tension hemoglobin sensation years muscles
tovnXc	1	PA	states patent united 8086457 texttospeech stored tools service system save synthesis graphical forming tool provider unique deployed settings comprising server recording prompts steps continuously accessed voice set choosing characteristics refine file delivered network managing selected build designing parameter method enduser users provided customize retrieved collection capture user interface configuration data
tOccCw	1	PA	statelevel cancer quality pubmed ncbi julaug assessment 2011 function web ncbi javascript site warning requires management citation external file generate software school management usa emory university rollins jlipscosphemoryedu policy health ga 30322 department atlanta public feedback groundwork sources including decade rapid statelevel state improvement adoption systems include nation georgia secondary
