r9fzW5	1	PA	department city revenue philadelphia code estate tax sign taxes 5020201 city office district section philadelphia authorized assessment real chapter ps 191300 pursuant paid 72 school determines impose property opa interest estate principal december tax collectively year additions pay due 1 real march increased penalty subject yearend accrue 31st day february
HPKAmK	1	PA	dailymed strengthened labels site labeling make web review administration food read include drug minor undergoing warnings recent fda reformatted submitted easier editorial labels site web listing complete drugs approved present prescription time 37101 inserts medication providers national labels site library high download quality information service nlm marketed advertisements content health
HDTp3l	2	PA	financial proclamation national month capability house white presidential 2012 state union video watch enhanced transparency commitment browse house white logs visitor wait executive actions president obama federal receipt tax federal dollars tax spent people petitions create sign house inside white tour interactive house white office press secretary states united financial
IM3euG	1	PA	nihseniorhealth shingles people ages fifty 60 americans 80 percent shingles occurs 80yearolds common time caused signs blisters skin tingling develop affects rash shingles itchy chickenpox painful body pain early possibly virus reactivation disease severe distinctive stages side pox combining belt shingles latin scientific means varicellazoster virus herpes word girdle zoster
I9mYPk	22	PA	thomas 20032004 congress text bill library 108th ih 460 hres 100th sports state michigan football congratulating game rivalry university teams greatest ohio history recognizing strickland oxley miller gillmor ryan committee kucinich education pryce hobson tiberi kildee upton conyers turner ney brown submitted michigan workforce latourette portman ford kaptur jones levin
bbt6W	1	PA	weather space 11 10 utc 0538 2338 mdt 2012 xray image solar latest 11 utc geomagnetic days 0000 bulletins advisory alerts alert 4 7 kindex bulletin latest wind pages solar ace realtime scales activity noaa map auroral progression solar cycle todays service space providers weathersw aviation swpc home topics weather
jcIrm	1	PA	web student aid program financial certification loan sources grants repaid undergraduate grant federal nonfederal awarded foundation added degree students student professional cases teacher aid unlike receive earned considered postbaccalaureate bachelors enrolled pell 30 financial year total grant amounts 1 depending fulltime 2011 2013 201112 status full plans attend june award
J33PgZ	1	PA	heart disease gum medlineplus experts proof pages related medlineplus heart exists issued reduce evidence stroke healthday risk strong disease statement treating scientific convincing report news linking untreated association 18 wednesday gum april american major years states analysis cardiovascular lead extensive united death 100 disease gum connection found periodontal proof charlotte
JoPawD	1	PA	march 2005 yongzhi 19133 companies alan 15 lit phan yang rel hartcourt shanghai judgments resident executive states angeles united district los corporation 28 commission yang chairman 2005 honorable entered judgment final announced hartcourts 11 march exchange ceo utah alan irvine california hartcourt judge president february central yongzhi companies securities phan
HpS1l7	1	PA	joseph porche al santa juncker salesmen energy trabuco konrad names gary defendants investment san rancho porche boilerroom 47 40 commission engelhardt joseph newport scheme ca today dale complaint caza exchange operators de coast larry california kafarski aliso viejo coto carlton margarita fraudulent conducting clemente 46 age 51 canyon 53 securities
3ixzg	1	PA	caring childs mental health childs mental mission sites overarching childrens caring system effort support samhsas increase approach health comprehensive public awareness marketing social samhsafunded purpose services strategic care 1994 created communications team strategies works stimulate information childrens national visit event wwwawarenesseventorg health today rsvp day awareness mental dont washington wwwsamhsagovchildrenliveeventasp
JGVv6U	1	PA	job april 2012 23 senate global hearing perspective belt legislative suspenders approach reiterate fund job protection regulatory change customer mf committees oversight cftc eve banking time position country consumer major losses financial kong insurance market canada hong united union make protected type european kingdom customers australia singapore africa nation fund
csI8yJ	1	PA	releases congress twitter library news archive office communications congress washington dc library se 205401600 ave 101 independence 2027079199email voice 2027072905fax paolocgov matt 202 raymond congress twitter library gregpasstwittercom contact mraylocgovcontact pass greg 7072905 twitter library donating archive web networking 140 service leading send digital tweets public users congress characters consist
zui2a7	1	PA	home usda kyf compass food farmer compass usda videos discover market pictures field systems farmer local supporting food regional watch compass segment case read learn growing studies kyf computer file compass open acrobat experience reader pdf save map 20092011 years visiting food regional programs farmer usdasupported shows interactive local projects
xl8O0c	2	PA	grant grantsgov opportunities synopsis opportunity find precedence service disk electronic click information grant provide notification send inconsistency document email resolved notifications printed address opportunity emails change receive thing giving original requestedany modification description represent newest file oldest previous shown documents current document sections files background representing modifications arranged changed list
IREGSL	1	PA	tale continues mission solstice cassini images home image details hydrocarbons fascinating titan surface system pole sea make ice subsurface rich moons saturnian emanating water jets ponding liquid hinting organics tale learn enceladus vapor south 313 5150 titan northern antisaturn image rings ringplane sunlit 504 faintly saturnfacing background kilometers center 3200
IJcwtm	1	PA	ncbi cancer induces 4egi1 apo br captranslation inhibitor pubmed 2012 function web ncbi javascript site warning requires management citation external file generate software cnrs 6299 umr france u892 f44000 inserm univ nantes represent mcl1bim results 4egi1induced staining potential samples decreased 2012 prevented apoptosis activation online capdependent impaired eif4f bcl2 17
IktwZl	4	PA	season medlineplus early year tick starting page related medlineplus prevent ticks love mild healthday precautions expert winter 22 means due sunday normal started season earlier gardeners news tick hikers april outdoors meal diseases people tickborne symptoms alert anaplasmosis minn tickborne testing virology microbiologist rochester positive minnesota lyme babesiosis state clinical
HN2lEE	1	PA	house white state union video watch enhanced transparency commitment browse house white logs visitor wait executive actions president obama federal receipt tax federal dollars tax spent people petitions create sign house inside white tour interactive event live facebook discussion participate click member facebook give click questions comments httpwwwwhitehousegovvideo ondemand library
JnsID9	1	PA	run ncbi exerciseinduced biol si pubmed wired exp endocannabinoid 2012 function web ncbi javascript site warning requires management citation external file generate software school arizona usa university 85721 anthropology tucson raichlenemailarizonaedu az walking show taxa cannabinoid brain activating true explain interspecific receptors neurobiological endogenous regularly popularly increased morphological motivates report
I8g36S	1	PA	prevent stress healthy manage problems live healthfindergov health learn quick living guide connect website hyperlink nongovernmental direct application hhs consistent hyperlinks states services human subject information hyperlinked united application contained health endorsement department website intended provided visitors external constitute applications privacy appearance practices products policies purpose link redirected information usaccessibility
yyiRHR	2	PA	floor senate legislation records webcast home reauthorization executive states session russell northern george united exportimport resume illinois hr2072 convene maryland john tharp pm 200 monday schedule jr levi district act430 judge consideration iii nominations bank proceed 14 motion 2012 archived accessing videos live congress met calendars list days senate session
Jparrk	1	PA	04042012 air lines delta united commission review states americaoccupational safety health 111363 oshrc docket region iv inspection 314636713 complainant settlement stipulation complainant respondent stipulate parties agree appendix compliance plan federal jurisdiction osha state osha jurisdictions set seat requirements located addition jurisdictions state intends measures agreement osha plan delta companys implement
IYLQTB	4	PA	increased ncbi prevalence bull transglutaminase pubmed schizophr 6 2012 function web ncbi javascript site warning requires management citation external file generate software md school north 600 hopkins university johns 144 medicine wolfe sciences street 1department 21287 behavioral psychiatry baltimore meyer represent 213 results brain 131 including skin gastrointestinal relationships 27
gDlzcS	1	PA	states patent united 7849491 slot platform local greater rules connects game emphasized comply processes ascertain output gaming rate video subject provided network apparatus access reader run understanding interface interpret box technical area software disclosure wlan requiring included unit approximately quickly card scope abstract outputs wireless mbps submitted matter limit providing
fU0iNs	1	PA	home stopbullyinggov register free webinar report cyberbullying bullying lgbt youth kids bullying youth special warning signs 8255 feel skip sleep helpless suicide ways call sick hopeless 1800273talk bullying affect school lifeline thinking lose feeling updates site sign school network premiere dc bullying middle documentary cartoon speak impact examines justice bullying
IXAAv7	1	PA	e424b4 ii iii iv 1 2 3 4 5 6 7 8 9 10 11 12 13 14 15 16 17 18 19 20 21 22 23 24 25 26 27 28 29 30 31 32 33 34 35 36 37 38 39 40 41 42 43 44 45 46
JMKNas	4	PA	current uscert activity highimpact web current incidents regularly updated reported types summary uscert activity security page frequent multiple apple released updates safari address vulnerabilities products security os code crosssite obtain information perform vulnerabilities privileges elevated attack attacker condition execute denialofservice exploitation sensitive arbitrary operate scripting articles mitigate users ht5281 encourages
Ivr7t3	1	PA	force wins annual cyber air release defense test nsas press nsacss 12th 2012 national agency central security service 207556000 meade maryland george fort information media 23 nsa affairs 3016886524 april contact press release public 2012 force cyber years defense cdx began won exercise gaining academy competition trophy annual air 2001
mYuqg	1	PA	prediction storm center compmap weather references rap analysis 12z rapid pages 1 input 2012 updated fire ruc background fields changed refresh replaced model display mesoscale svrgis apr weather tornadoes gis shapefile visit details 9 2012 19502011 updated 19552011 format shp hailwind httpwwwspcnoaagovgissvrgis reports severe converted page feedback hovered issued displayed
3YWS2N	2	PA	living healthfindergov healthy wellness guide live health learn quick everyday connect website hyperlink nongovernmental direct application hhs consistent hyperlinks states services human subject information hyperlinked united application contained health endorsement department website intended provided visitors external constitute applications privacy appearance practices products policies purpose link redirected information usaccessibility privacy mapcontact
hbkNxK	2	PA	living eating healthfindergov healthy live learn quick guide connect website hyperlink nongovernmental direct application hhs consistent hyperlinks states services human subject information hyperlinked united application contained health endorsement department website intended provided visitors external constitute applications privacy appearance practices products policies purpose link redirected body eating means diet stay minerals
HFTEus	34	PA	house white april photo day 2012 state union video watch enhanced transparency commitment browse house white logs visitor wait executive actions president obama federal receipt tax federal dollars tax spent people petitions create sign house inside white tour interactive house check april offices photo 2012 picks white day official house
qSkIlE	1	PA	catalog pia14731 page years earth remarkably galaxy poorly ngc stars 281 gas exception cluster pumped found unfettered view energy understood lifetime giving responsible astronomers located highmass star important formation dust obscured light 6500 rule plane 1000 deaths image powerful infrared supernovas seed winds galactic galaxy blue environment eventual ngc purple
IjZNMu	2	PA	apod moon april jupiter io 8 2012 fascinating discover featured written image explanation day photograph astronomer cosmos universe professional april 8 2012 jupiters spacecraft earth recording captured inspiring 10 big front clouds large swirling view 420000 past jupiter pronounced moon millennium body relative equivalent million giant hours jovian kilometers active
HFpUPS	3	PA	grant grantsgov opportunities synopsis opportunity find precedence service disk electronic click information grant provide notification send inconsistency document email resolved notifications printed address opportunity emails change receive thing giving original requestedany modification description represent newest file oldest previous shown documents current document sections files background representing modifications arranged changed list
I6ReqK	2	PA	minority office national standards health culturally linguistically services clas skip navigation accessible providers principles communities individual primarily linguistically encouraged make health served integrated activities partnership culturally undertaken services care directed organizations standards practices organization clas organized themes competent organizational 47 access 814 competence mandates recommendations framework cultural guidelines culturally varying
GAfDXb	1	PA	antagonists ncbi database syst rev cochrane pubmed h2receptor histamine 2012 function web ncbi javascript site warning requires management citation external file generate software bahrain box zbysfedobatelcocombh ministry 25438 health branch ukcc awali h2receptor lack number skin subtypes occur urticaria treatment characterised body efficacy hives itching agreement weals disease options range
JtXARP	1	PA	hypogonadism mobile erectile pubmed dysfunction nutrition feb 25 julaug277885962 2011 epub nerve deaconess boston peripheral tsiepmannbidmcharvardedu brigham hospital medicine disorders israel usa autonomic department harvard massachusetts beth school center medical womens soyrich previous impact onset monitored knowledge parameters instance veganstyle improvement soybased present decreased presentation paralleled increased combination dehydroepiandrosterone emphasizes
n2sr9O	1	PA	24 apod september milky 2011 mangaias fascinating discover featured written image explanation day photograph astronomer cosmos universe professional september 24 2011 bulging years bright earth oldest galaxy greenwich photographer winner royal editors galaxys denizens sagittarius skyscape familiar dark cook night upper pacific year estimated category mangaia space selected paradise centauri
lMpHvz	1	PA	catalog pia14106 page eyeglasses telescope focus infrared exposes visible viewed light space murky nebula star spitzer brings showing depths nasas formation wear pair stellar clouds lost region dusty rock infants dark vision bright show midwavelength infrared swaths surrounding frames constellation light nebulae cavities orion strikingly glowing interior belt red revealing
JlOZBh	1	PA	commendation chairmans cpsc awards accepting nominations circle washington chairmans cpsc commission program safety circle today 2012 product commendation completed dc award accepting nominations begins received 31 consumer people cpsc identify contributions established inez program tenenbaum chairman safety 2011 product significant organizations made consumer honor saving show recognize commitment cpsc injuries
I9MYJF	1	PA	ncbi introduction review imputation gentle pubmed 2006 clin epidemiol function web ncbi javascript site warning requires management citation external file generate software netherlands center biostatistics rdondersgeouunl university utrecht random results intervals based chosen situations explain source associations handle drawn yield small missingindicator explanations methods estimates idea estimated techniques errors socalled
Jvw5Kx	1	PA	thinkcentre lenovo fire recall computers due hazard desktop expands named washington instructed voluntary consumers illegal commission safety cooperation announced firm product stop dc recalled resell attempt immediately products today recall consumer m90z product lenovo computers thinkcentre m70z march previously recalled 13000 units 50500 2012 manufacturerimporter morrisville lenovo nc overheat power
xEBcuE	1	PA	med ncbi emergency west pubmed emerg reliably medicine residents 2011 function web ncbi javascript site warning requires management citation external file generate software emergency university medicine state department buffalo york sources references determine access clinical medicinespecific resources engine physicians searches emergency conducting medicine department judge perceived textbooks medically em google
HYZqbw	1	PA	migraine guidelines medlineplus doesnt works pages related medlineplus prevent dont healthday sufferers headaches debilitating medications 23 migraine dozens monday news study april finds silberstein people developed guidelines society neurology approximately migraines coauthor percent 40 treatment stephen headache academy dr onethird american preventive silberstein thomas overthecounter depends philadelphia jefferson herbal include
UT2FE	1	PA	house white state union video watch enhanced transparency commitment browse house white logs visitor wait executive actions president obama federal receipt tax federal dollars tax spent people petitions create sign house inside white tour interactive event live facebook discussion participate click member facebook give click questions comments httpwwwwhitehousegovvideo ondemand library
HWSwU6	1	PA	states patent united 6920619 upwardfacing proximity move years shape touch speed children system childproof location easy puzzle touching hideandgoseek determine throwing threshold displays images matching loudspeaker selected manipulations contained finger sensor assembly vertical selecting screen sensors thrown parts motion image modifying neighborhood manipulate removing dropping touched direction senses tapping child
I7grTn	7	PA	continuing hazards eruption natural shiveluch volcanic surrounding earth weeks 2012 radial active ash shiveluch streaks volcanoes april bursts snow activity left naturalcolor image produced visible winds alignment 22 top deposits spectroradiometer 4 eruptions collected direction vaguely lengthier satellites melting streaks determined streak stronger result images snow moderate revealing modis satellite
JzyWzl	3	PA	restriction intake greater ncbi energy nutr dietary im pubmed 2012 function web ncbi javascript site warning requires management citation external file generate software kinesiology health department restriction urine ptm assigned proximal integrity als volumetric group density exercising 4 8 libitum maximal protective increased 3 food intake effects implicate weights histomorphometry
9e0ici	1	PA	water heater energy star solar heater star energy water products solar home find partners partner heater energy cut generally system hot star electric gas water qualified designed solar half annual heating costs backup heater energy imagine reduce carbon heaters cut start ecoconsciousness wearing star sunshine free water heat qualified solar
ADIn74	1	PA	voices 2012 video recovery month unnoticed people share celebrating broader educate recovery treatment vehicle public sharing voices effort population successes country stories works interviews recorded 2011 penns celebration chain september national selfhelp discover years helped held sober 24 family group recovery philadelphia walks 2011 attendee sobriety burk break journey proact
I3MHFq	1	PA	building insig ncbi academy rheumatology pubmed education rheumatol 2012 function web ncbi javascript site warning requires management citation external file generate software rheumatology college special cornell hospital burlington medicine division business vermont department york school usa medical surgeryweill university rheumatology identify education factors department division academy key address retreat improve
ruG5h8	2	PA	start 1940 census research skip navigation national searching index district 1940 enumeration located charge 2 archives online opens 2012 locate free address census april release http1940censusarchivesgov order search access httpwwwarchivesgovresearchsearch opa online public census delaware 1940 sussex county maps state enter milford sussex including town search census 1940 delaware maps
epFQ3X	1	PA	edsitement social studies history presented civil examine economic lesson documents start maps read strengths war north advantage students weaknesses decide military diplomatic eve side comparisons original south making share partnered thinkfinity lesson find educational save resources plans free edsitement plans updates lesson resources humanities project edsitement endowment national provided verizon
I4jxDa	1	PA	apod 19 april departs 2012 discovery fascinating discover featured written image explanation day photograph astronomer cosmos universe professional 19 april 2012 ov103 operational ksc 2011 skies dc coast kennedy covering flyover smithsonians miles spent dulles telescope national farewell cloudy year goddard orbiter space 7 international discovery million aircraft hubble missions
I9sOjg	1	PA	house national white teacher finalists year president obama honors 2012 state union video watch enhanced transparency commitment browse house white logs visitor wait executive actions president obama federal receipt tax federal dollars tax spent people petitions create sign house inside white tour interactive adobe player flash content download view 24
vG8lcT	1	PA	apod thunderclouds jumping sundogs 8 november 2011 fascinating discover featured written image explanation day photograph astronomer cosmos universe professional altsee picture clicking resolution explanation version download 8 november highest 2011 phenomenon years web rapid sky reorients differently sundog return emerged words clouds lightning inspection temporarily enthusiasts past curious encouraged sum
JL5NOV	1	PA	firstever administration 29 dc states department ribbon green names schools obama education 78 house sutley states including council chair education quality ribbon jackson duncan agency 29 department announce white today administrator arne dc environmental protection schools span firstever 78 list joined green nancy lisa secretary elementary dcs announcement school made
n4IUPE	1	PA	web official portal usagov governments 11 monday eastern federal friday 0800 holidays 0221 chat time services 2012 pm return chat service question hours closed email chat 18003334636 calling canada usa question access program call email info technical country 12022081576 problem 1800fed dont enforcement number evidence officials usagov quality guarantee information
b2uIyI	1	PA	house white state union video watch enhanced transparency commitment browse house white logs visitor wait executive actions president obama federal receipt tax federal dollars tax spent people petitions create sign house inside white tour interactive event live facebook discussion participate click member facebook give click questions comments httpwwwwhitehousegovvideo ondemand library
IXvCyh	5	PA	kennedy assassination collection records president john skip navigation national years single mandated housed 22 assassination administration 1963 archives john congress material collection records 1992 president november nara killed enacted kennedy 30 assassinationrelated act feet consists research open artifacts pictures approximately 5 photographs cubic million collection records recordings pages sound motion
DmpmR	1	PA	entrez genome view viewer map resources ncbi data genbank organism sequencing projects resources related databases cytogenetic features reference sequence viewer hybrid maintained displays human ests contig tiling physical contigs stss ncbi alternate radiation maps genetic grc predicted include fish genome map graphical assembly models genes component gnomon clones path bac
9In4pn	1	PA	power cdc outage worker outages safety repair portable people back installed kill operated home improperly information sheet generator injure workers feedback send electrical generators local energy buildings power homes outages restore backfeed communities problem area lines called sized neighboring safely fact constant deaths energy electrocutions leading workers electrical occupational risk
IkSgO3	1	PA	stress study tougher mens medlineplus hearts womens pages related medlineplus heart mental tuesday healthday 24 suggests men increases blood news change women stress study flow experience april small heart distress college suffer explain state finding penn men medicine trouble women emotional researchers heart adults rest rate mental hurry informed increase
JFQVEu	5	PA	med death sci ncbi sports exerc arrest sudden cardiac pubmed unit 2012 function web ncbi javascript site warning requires management citation external file generate software minnesota school wa usa pennsylvania medical mn washington system minneapolis philadelphia 1crozerkeystone 3university pa health 4university medicine 2university seattle springfield scd sca related states characterize
HivTHj	1	PA	infographic cbo program asset report troubled relief contact cbo 28 march 2012 110343 stabilization office omb days cbo semiannual stability economic financial elements guarantee established 45 promote prepare section treasurys legislation tarp submit discuss purchases program asset treasury department troubled markets public 202 division enable emergency assessment guarantees management issuance
HHU8Ql	1	PA	living weight healthfindergov healthy learn children live quick guide connect website hyperlink nongovernmental direct application hhs consistent hyperlinks states services human subject information hyperlinked united application contained health endorsement department website intended provided visitors external constitute applications privacy appearance practices products policies purpose link redirected information usaccessibility privacy mapcontact act
ft7fT3	1	PA	leaf facility ca recreationgov details campground fallen 9735 reflected walk feet woods guests campground birds fir bears lake wildflower black include meadows mountains racoons views safe cedar forested towering aspen squirrels prominent distance mount crystalclear taylor creek habitat resident surrounding cathedral native leaf nestled variety provide offer sites pine adjacent
Iq6HUL	1	PA	panelists announces mobile ftc workshop payments agenda 601 washington held paper avenue conference 26 federal representatives plastic commission ftc workshop nw upcoming government dc academics regulators part trade 2012 center mobile industry april advocates payments technologists consumer jersey raised included examine including technology event issues open workshop public business models
IGo42Y	1	PA	apod 14 april moons saturn 2012 fascinating discover featured written image explanation day photograph astronomer cosmos universe professional april 14 2012 discovered saturns sky kilometer huygens dione march views dutch designated satellites saturn team found 5150 frame titan astronomer portrait christiaan tethys moon smallest moons 1655 recently earths continuing imaging
H1raiy	2	PA	transit sunearth venus day 2012 years bring teamed summit web exciting hawaii nasa 5 grand transit 2012 atop june kea mauna celebration cast edge venus dont astronomical phenomena year happen miss event special prepare transit 2117 rarest extremely wont venus updated subcription sunearth news day informed podcasts team events latest
GNsDcZ	1	PA	space museum mission award air solstice receives cassini features releases space museum mission award air receives cassini home news space museum mission award air receives cassini mar 22 2012 planetary washington mission ceremony established 1985 21 museum evening march award trophy presented wednesday teams nasa executive washington mission produced human
HSFU0C	7	PA	family house national white visits americas parks tourists state union video watch enhanced transparency commitment browse house white logs visitor wait executive actions president obama federal receipt tax federal dollars tax spent people petitions create sign house inside white tour interactive beautiful family check visit shows places photos place country
IeixMZ	1	PA	lewy ncbi visual pubmed cortex br psychiatry dementia bodies 2012 function web ncbi javascript site warning requires management citation external file generate software aging campus vitality function lewy abnormal hallucinations visual visuoperceptual dementia deficits common suggesting cortical bodies arterial magnetic functional fmri perfusion severity 1 2 labelling cortical aslmri function
fo8VAL	2	PA	business tax sbagov expenses deductions small expense business addition capital tax expenses small deductions article discusses vocabulary concepts tax expenses owners business add basic capital renting forprofit tax expenses cost travel paying business trade conducting employees storefront costs common deductible money quality equipment excavating landscaping part specific depreciation deductible deduct
fdsS7X	2	PA	island national seashore assateague search enjoy coastal move rest existence continent sandy recreated visit forests day live bays life recreate relax time assateague maritime explore marshes waves beaches island salt ocean edge place adapted wind enjoy make thrive horses beauty assateague extraordinary distance island continue wild enjoy barrier ages visitors
A9iXYz	1	PA	smokefree pledge monday women week monday ahead prepare beginnings day slipped reasons commitment cigarettes make start smokefree mondays quitting week life monday stay reflect chance focused progress celebrate women join taking fresh renewing pledge week life pledge community committed women living join smokefree commit pledge encouragement stay tools quit attempt
aavG8x	3	PA	encke ringlet mission gap solstice cassini images home image details equinox august planets ringlets ring shadows cast parts thin 2009 acquired image cassini visible spacecraft 1 scale northern rings ringplane approximately jan camera degrees 6 8 2010 million distance 9 kilometers saturn narrowangle 17 16 light pixel unilluminated miles side
7bsP1P	9	PA	pittsburgh pennsylvania nws advisory outlook screenlogicalydpi screenlogicalxdpi rtn watches freeze screendeviceydpi warning edt click fri rtn1 forecast read advisories internet var returnrtn 2012 function map 123322 warnings hazardous frost update screendevicexdpi inity initx 11 zoomout explorer weather browsernavigatorappname browser microsoft latest hour decision forecasts weather making collected stormrecord reports information
JdDZ9e	8	PA	emotion brainderived regula ncbi pubmed fatigue physiol front 2012 function web ncbi javascript site warning requires management citation external file generate software town biology science university africa research department unit human medicine cape uctmrc sports south exercise proposed athletic saves brain attempts predicts decisions decade superior rapidly physiological nervous explain
Jmouvy	2	PA	chemical mission factory solstice investigates cassini titans features factory chemical investigates cassini home news titans chemical titans investigates factory cassini apr 24 2012 chemical titans investigates factory cassini hydrocarbons atmosphere titan environments celsius hides thick factory giant saturns brutally temperature smoggy system moon chemical complex degrees scientists 170 cloak form
bGiVgQ	1	PA	dale vice house announces disability biden joe assistant policy president white special kareem state union video watch enhanced transparency commitment browse house white logs visitor wait executive actions president obama federal receipt tax federal dollars tax spent people petitions create sign house inside white tour interactive homeowners refinancing house twitter
HS8Any	1	PA	office disability odep labor policy department employment states department united labor concept adults inclusion community employment people approach integrated full option significant services communitybased disabilities youth workplace facilitate people delivery primary system states reflecting employment funding support selected state odep encourage program helps struggled approach integrated resources systems regulations leadership
I3xCS9	3	PA	buckle seat medlineplus study teens laws shows stricter belt pages related medlineplus primaryenforcement seat states healthday click 23 drivers belt teen monday finds news ticket passengers belts study theyre april promoted laws reasons primary seat police drivers belt wearing speeding stop unbelted ticket law secondary stopped solely reduce primary proven
oyu4Jz	2	PA	cut drinkingno 9637701996 cut drinking questions health answer life read drink cutting drinking improve abstain alcoholic problems stop problem completely questions drinking check cut doctor medical answered drinkingyou advise cut doctor steps drinking tells write reasons 1 cutting stopping family reasons sleep cut friends make health drink stop drinking improve
67QsDS	1	PA	house apply white state union video watch enhanced transparency commitment browse house white logs visitor wait executive actions president obama federal receipt tax federal dollars tax spent people petitions create sign house inside white tour interactive internship house period application program closed white submitted application materials including recommendations deadline read
IIra7u	1	PA	legislature michigan section 4973 3 sec represent attorney required office civil prosecuting executive mine county elected commissioners inspector 170 judges court sheriff 1964 corporation section acts deeds officers legal laws determined board 8 case public defendant advice commissioner reasonable compiled clerk 6911408 matters treasurer michigan courts probate official counsel drain
IdRUx0	2	PA	natural ncbi cells killer leuk pubmed role lymphoma immunity 2012 function web ncbi javascript site warning requires management citation external file generate software columbus usa university state college medicine ohio years increase death opportunities granular lymphocytes summarizes survival killer effects cellular immunoevasive progressive lost profound characterizes malignancy advent large common
HaxJNk	3	PA	celebrating viewing wildflowers areas wildflower celebrating wildflowers usda service forest content skip navigation page viewing wildflower slideshow areas enjoy features national back feature wildflowers glimpse provide forests opportunities add wildflower myriad spectacular limitless viewing areas places grasslands code botany management service 202501103 washington sw rangeland mailstop dc program forest ave
6mBUPc	1	PA	rushmore mount national memorial search learn people national share preservation dakota growth year majestic memorial hills inhabitants black rich heritage today development rushmore diversity beauty brings million visitors birth america mount face history visited country south marvel garages rushmore animals service pet mount located upper allowed areas parking exercise provided
fE9Cvp	1	PA	std residential guidance compliance construction 0311002 osha instruction abstract michaels authority david mph assistant phd secretary executive summary limited developed interpreted interim alternative issues steel personal residential guidance 29 employer presents arrest agencys systems policy activities greater guardrail safe employers framing fall comply structural term covering fully disqualify instruction methods
vbBNj	1	PA	hsf realtime space human flight data control uptotheminute mission spacecraft path data make sky project applet reside significantly 336 download skywatch cache approximately access internet files 144 downloading 300 sufficient downloaded data 10 hard minutes clear required drive connection nasa time modem kbps updated official responsible amiko curator notices nasa
