oQX5D0	0	VA	c_char_p(20219444)
rXeS0N	0	VA	c_char_p(32452964)
w9PP7b	0	VA	c_char_p(85896964)
9s44e4	0	VA	c_char_p(86775300)
IZlQKz	0	VA	c_char_p(42817028)
JeGYcX	0	VA	c_char_p(43001572)
amlPpM	0	VA	c_char_p(37402148)
HTJdoE	0	VA	c_char_p(51540372)
AcbEDN	0	VA	c_char_p(20916052)
xQHy13	0	VA	c_char_p(41922340)
I7MfTQ	0	VA	c_char_p(21865988)
yoIiZA	0	VA	c_char_p(32156644)
ewTMdH	0	VA	c_char_p(31660916)
wa227L	0	VA	c_char_p(21798932)
yZEE9K	0	VA	c_char_p(20901972)
zSaawS	0	VA	c_char_p(46070980)
bOv8ku	0	VA	c_char_p(24421620)
noKr	0	VA	c_char_p(63630020)
AtIVS4	0	VA	c_char_p(57360260)
ziZTX8	0	VA	c_char_p(23078820)
neYbl	0	VA	c_char_p(34421412)
yO0meX	0	VA	c_char_p(22116244)
y2pWMB	0	VA	c_char_p(23737044)
IL2qYT	0	VA	c_char_p(28890356)
zci4Ii	0	VA	c_char_p(19048052)
aHEDuI	0	VA	c_char_p(20520484)
IYqBRW	0	VA	c_char_p(29378596)
yAo7h9	0	VA	c_char_p(42394692)
zQvpFL	0	VA	c_char_p(20106372)
Amb9ml	0	VA	c_char_p(57935172)
y2kiBo	0	VA	c_char_p(22983380)
JGreWU	0	VA	c_char_p(52476772)
AtaiD1	0	VA	c_char_p(20278436)
ayelNd	0	VA	c_char_p(46494084)
cpoxYm	0	VA	c_char_p(91826596)
yKYQKd	0	VA	c_char_p(20306180)
w7pY0o	0	VA	c_char_p(63542084)
wBjzi5	0	VA	c_char_p(21128884)
xlkZcg	0	VA	c_char_p(17082212)
xBObSt	0	VA	c_char_p(20489524)
GVAoex	0	VA	c_char_p(40545812)
ywODXE	0	VA	c_char_p(23636132)
uaM76o	0	VA	c_char_p(39198308)
fTCtFY	0	VA	c_char_p(48653284)
H4DHMs	0	VA	c_char_p(41555428)
yXLvwR	0	VA	c_char_p(31078740)
HvNxLW	0	VA	c_char_p(41644532)
ICorKy	0	VA	c_char_p(21792116)
w38yEm	0	VA	c_char_p(45143380)
AF5qAk	0	VA	c_char_p(33396452)
GRpVTF	0	VA	c_char_p(40769300)
GY88XQ	0	VA	c_char_p(40873156)
Ac0J2X	0	VA	c_char_p(55239252)
xxUpnP	0	VA	c_char_p(35558500)
59SFy	0	VA	c_char_p(62540676)
H0TxKS	0	VA	c_char_p(52732148)
wpaQPg	0	VA	c_char_p(43422004)
qZzuHo	0	VA	c_char_p(43638804)
xbZYhz	0	VA	c_char_p(22874116)
wICmQR	0	VA	c_char_p(45504596)
xAMmlF	0	VA	c_char_p(18861572)
ysDone	0	VA	c_char_p(43767780)
AAcZBD	0	VA	c_char_p(57172260)
b5qtyk	0	VA	c_char_p(30719908)
yeMIz3	0	VA	c_char_p(62249588)
yorT7o	0	VA	c_char_p(47125188)
zfTyoH	0	VA	c_char_p(33380868)
aftuUe	0	VA	c_char_p(38937972)
eFC3xt	0	VA	c_char_p(41776836)
xCwBM8	0	VA	c_char_p(18484212)
zrNgGH	0	VA	c_char_p(22956500)
bsYPhS	0	VA	c_char_p(35872596)
InmWyn	0	VA	c_char_p(80026708)
yn1Odz	0	VA	c_char_p(18576308)
k8eVQd	0	VA	c_char_p(35072036)
wv4rVm	0	VA	c_char_p(23862804)
yJ2W1F	0	VA	c_char_p(29971716)
Ai4ZUU	0	VA	c_char_p(46609796)
xvN2tF	0	VA	c_char_p(22824484)
zD5gdL	0	VA	c_char_p(74338404)
Jnt1dM	0	VA	c_char_p(61313140)
peANoO	0	VA	c_char_p(33755940)
48nIRC	0	VA	c_char_p(34045236)
xa6qIG	0	VA	c_char_p(74327412)
3ZDu	0	VA	c_char_p(36220468)
AglLRO	0	VA	c_char_p(37035972)
xmDCe	0	VA	c_char_p(40940516)
zZ2Moo	0	VA	c_char_p(18943028)
adcvZg	0	VA	c_char_p(18278548)
zOPEIE	0	VA	c_char_p(45334772)
hhHqY	0	VA	c_char_p(46198052)
yZEBfl	0	VA	c_char_p(23274820)
pGu99Y	0	VA	c_char_p(61540292)
HzxJoz	0	VA	c_char_p(32881956)
ySQVYW	0	VA	c_char_p(27522276)
c5pDYb	0	VA	c_char_p(36724196)
9FUemW	0	VA	c_char_p(49051172)
K45yTR	0	VA	c_char_p(43682020)
GBEXrT	0	VA	c_char_p(37155092)
I0z4HS	0	VA	c_char_p(79787332)
hFsMFE	0	VA	c_char_p(51162468)
yQaQVr	0	VA	c_char_p(21517524)
w62eko	0	VA	c_char_p(69036964)
9u2Mdi	0	VA	c_char_p(43745828)
GVHORF	0	VA	c_char_p(53543124)
tyZQ2w	0	VA	c_char_p(20896116)
zVsI0n	0	VA	c_char_p(37017316)
zuHReJ	0	VA	c_char_p(33338580)
wiMsmU	0	VA	c_char_p(21259108)
w5YbGu	0	VA	c_char_p(45513956)
Iooaxo	0	VA	c_char_p(49472052)
AEBSjT	0	VA	c_char_p(27881108)
JthH4b	0	VA	c_char_p(23728788)
Ig24HN	0	VA	c_char_p(41795956)
98Z3gT	0	VA	c_char_p(73402980)
yoI36l	0	VA	c_char_p(49091188)
xD8BsX	0	VA	c_char_p(15898308)
yJ8XZj	0	VA	c_char_p(58332628)
F0gse	0	VA	c_char_p(42368052)
IvwoCO	0	VA	c_char_p(43620676)
yA2aEc	0	VA	c_char_p(37798084)
AsKZwA	0	VA	c_char_p(46164852)
crlJBQ	0	VA	c_char_p(24294644)
z3KX3J	0	VA	c_char_p(106182132)
g8YZGx	0	VA	c_char_p(42676372)
vKPB3e	0	VA	c_char_p(18569428)
lNHlNP	0	VA	c_char_p(21085092)
znRjDT	0	VA	c_char_p(61969588)
zwJX1Y	0	VA	c_char_p(68200436)
A3vOk9	0	VA	c_char_p(34723348)
x3VLm1	0	VA	c_char_p(18596164)
xvjNI9	0	VA	c_char_p(39351572)
Ah4CYi	0	VA	c_char_p(14507012)
nJFkbV	0	VA	c_char_p(47133108)
ICwOmz	0	VA	c_char_p(41845988)
9wtG8n	0	VA	c_char_p(19642356)
xeZzEq	0	VA	c_char_p(18427380)
yJpYos	0	VA	c_char_p(25084356)
n4IUPE	0	VA	c_char_p(118621220)
wjvtQz	0	VA	c_char_p(46595972)
Abn6sj	0	VA	c_char_p(22891428)
AAZrIE	0	VA	c_char_p(72515540)
aGWK4u	0	VA	c_char_p(42196084)
GB3w9k	0	VA	c_char_p(37574596)
zD8g2C	0	VA	c_char_p(19046244)
GBZVpp	0	VA	c_char_p(18099780)
yta18k	0	VA	c_char_p(22229732)
1bJVh1	0	VA	c_char_p(54857988)
yw27UD	0	VA	c_char_p(48525924)
qGlvp8	0	VA	c_char_p(39114660)
w11sfQ	0	VA	c_char_p(67802260)
HiPpYK	0	VA	c_char_p(67234820)
wtt7hK	0	VA	c_char_p(18948948)
IuwhZd	0	VA	c_char_p(30189716)
GD9Gok	0	VA	c_char_p(19119444)
xUEvEn	0	VA	c_char_p(72295476)
pT6lPP	0	VA	c_char_p(33396900)
xsQRzB	0	VA	c_char_p(18759076)
IHdTHd	0	VA	c_char_p(32884612)
wYNUlt	0	VA	c_char_p(23238244)
uwuogQ	0	VA	c_char_p(45973268)
yWnSHw	0	VA	c_char_p(85047684)
crYxQ	0	VA	c_char_p(53103236)
wrNexb	0	VA	c_char_p(36413492)
ctEWxj	0	VA	c_char_p(34660356)
wR82aR	0	VA	c_char_p(17957444)
fD1gQd	0	VA	c_char_p(39846612)
xqxO5r	0	VA	c_char_p(28620340)
dUE1V6	0	VA	c_char_p(87192068)
10GCdb	0	VA	c_char_p(38108708)
zfeAPj	0	VA	c_char_p(22930132)
waWExn	0	VA	c_char_p(45236004)
HcbCHX	0	VA	c_char_p(67280660)
y6VXeu	0	VA	c_char_p(83891652)
I7kwrz	0	VA	c_char_p(23147572)
r7Nr8p	0	VA	c_char_p(65694660)
xRLf3H	0	VA	c_char_p(21561156)
rWeiy1	0	VA	c_char_p(56676244)
zGwiyJ	0	VA	c_char_p(44008372)
GIVrCB	0	VA	c_char_p(22941876)
rD9blf	0	VA	c_char_p(51499284)
gQ66ny	0	VA	c_char_p(85774964)
csI8yJ	0	VA	c_char_p(21556196)
trBDFs	0	VA	c_char_p(28073780)
IREGSL	0	VA	c_char_p(22517204)
3Tv0E	0	VA	c_char_p(22393780)
wLZPTj	0	VA	c_char_p(40697572)
xhngp5	0	VA	c_char_p(38826452)
wK3qjs	0	VA	c_char_p(32680724)
16NyKc	0	VA	c_char_p(29851556)
wZP6zV	0	VA	c_char_p(44924612)
597JnK	0	VA	c_char_p(52904308)
Ii1Oig	0	VA	c_char_p(42900308)
mZKOnE	0	VA	c_char_p(34723764)
GVIpO0	0	VA	c_char_p(41533748)
GYm4TI	0	VA	c_char_p(70387268)
GSdx1s	0	VA	c_char_p(18251044)
pC3y8l	0	VA	c_char_p(86771924)
xIZOZw	0	VA	c_char_p(37041748)
HFiYFM	0	VA	c_char_p(93968852)
uTqYCv	0	VA	c_char_p(27959364)
xEx8N	0	VA	c_char_p(29069668)
zomvCL	0	VA	c_char_p(86889492)
HB68aU	0	VA	c_char_p(66500900)
hfUKor	0	VA	c_char_p(50506436)
zVo0tp	0	VA	c_char_p(30750676)
yrzvgt	0	VA	c_char_p(23939700)
whcsLd	0	VA	c_char_p(53071140)
HzbnI7	0	VA	c_char_p(131292068)
HCohAb	0	VA	c_char_p(45957028)
wRIdts	0	VA	c_char_p(65299556)
neXp7h	0	VA	c_char_p(60126644)
xd66sz	0	VA	c_char_p(35731460)
zbaT7R	0	VA	c_char_p(62554660)
zDE0eF	0	VA	c_char_p(31139380)
Iup7Bn	0	VA	c_char_p(22097236)
xjtwhY	0	VA	c_char_p(90890276)
wZpy6T	0	VA	c_char_p(39094468)
wnbZdB	0	VA	c_char_p(47942596)
u0EGNb	0	VA	c_char_p(45256612)
I5BalM	0	VA	c_char_p(41807284)
HXwNMB	0	VA	c_char_p(41898852)
ApmdTQ	0	VA	c_char_p(23088932)
w9Y3da	0	VA	c_char_p(32696420)
fWJuZL	0	VA	c_char_p(18525140)
aavG8x	0	VA	c_char_p(21581316)
AmAwWG	0	VA	c_char_p(13815220)
capjMA	0	VA	c_char_p(43839476)
nnz5f	0	VA	c_char_p(43846132)
coqf7D	0	VA	c_char_p(37571668)
fjm6Ex	0	VA	c_char_p(32717332)
yjlFwS	0	VA	c_char_p(33413028)
85LSBE	0	VA	c_char_p(34047924)
zw5Zip	0	VA	c_char_p(22944628)
zWoPoT	0	VA	c_char_p(91900548)
zRcKkb	0	VA	c_char_p(28171684)
wBdIB7	0	VA	c_char_p(63579604)
zxAkXB	0	VA	c_char_p(74761476)
o3utvq	0	VA	c_char_p(32910628)
bztLlv	0	VA	c_char_p(30843396)
giBfK9	0	VA	c_char_p(50657508)
3kB8NB	0	VA	c_char_p(42994964)
JdDZ9e	0	VA	c_char_p(24491796)
AiRcMh	0	VA	c_char_p(36642004)
stHEHr	0	VA	c_char_p(21257460)
HRBRT2	0	VA	c_char_p(46895380)
gEiClN	0	VA	c_char_p(137727652)
xRknAZ	0	VA	c_char_p(42998996)
FREUHi	0	VA	c_char_p(48313860)
yjPPlM	0	VA	c_char_p(39137444)
Hvx9JB	0	VA	c_char_p(29850436)
GPS6Q0	0	VA	c_char_p(40660532)
y3iG7L	0	VA	c_char_p(34749764)
JsHB4K	0	VA	c_char_p(62441652)
ecYiWP	0	VA	c_char_p(42299204)
kgxuSG	0	VA	c_char_p(43491556)
db0qJY	0	VA	c_char_p(18709748)
Ic81G1	0	VA	c_char_p(22096036)
gychpl	0	VA	c_char_p(68925732)
ywClOS	0	VA	c_char_p(28951956)
whGkE2	0	VA	c_char_p(56559284)
frYn0A	0	VA	c_char_p(66351572)
yjLaKU	0	VA	c_char_p(24132116)
AqoO3s	0	VA	c_char_p(56326116)
Aq2gBB	0	VA	c_char_p(33297108)
GN9S8C	0	VA	c_char_p(18581844)
pFuB71	0	VA	c_char_p(39833636)
zZnXhv	0	VA	c_char_p(36945028)
A7Gd4g	0	VA	c_char_p(61912084)
4wQ6	0	VA	c_char_p(79340884)
xXXcfG	0	VA	c_char_p(23302340)
y99Zqt	0	VA	c_char_p(21056772)
xm5qZC	0	VA	c_char_p(42880420)
cjYwfD	0	VA	c_char_p(42684132)
jqjE5W	0	VA	c_char_p(34919620)
sOwt9L	0	VA	c_char_p(34531812)
ynZq6q	0	VA	c_char_p(53109620)
xPZGz9	0	VA	c_char_p(51057780)
bTtxJG	0	VA	c_char_p(44452804)
cuUgkW	0	VA	c_char_p(42406500)
d6irAr	0	VA	c_char_p(43621316)
bR7KKu	0	VA	c_char_p(24593732)
HxdaKr	0	VA	c_char_p(38974372)
yX4Srq	0	VA	c_char_p(72834612)
w9z9PB	0	VA	c_char_p(18584644)
1a1izd	0	VA	c_char_p(36207364)
gzC7xF	0	VA	c_char_p(39939780)
wqBShO	0	VA	c_char_p(34537060)
cOuFVx	0	VA	c_char_p(48960868)
I7N6n2	0	VA	c_char_p(43711444)
Ajq37n	0	VA	c_char_p(53974468)
I9MYJF	0	VA	c_char_p(24289732)
narpaB	0	VA	c_char_p(27442148)
HsnQKU	0	VA	c_char_p(43507508)
Aa0BkI	0	VA	c_char_p(54166804)
AsSpUF	0	VA	c_char_p(56805764)
A57kpf	0	VA	c_char_p(20844788)
zbMjpI	0	VA	c_char_p(32687188)
AgInvQ	0	VA	c_char_p(48312212)
wbBJ83	0	VA	c_char_p(27666804)
b9Hypx	0	VA	c_char_p(50447444)
HC3MYT	0	VA	c_char_p(59657348)
GK9emz	0	VA	c_char_p(18376308)
Hphqgv	0	VA	c_char_p(50469780)
JxHLI8	0	VA	c_char_p(43761076)
y89dU	0	VA	c_char_p(40918884)
wnpouX	0	VA	c_char_p(44750452)
wPB7K2	0	VA	c_char_p(22936532)
b3HbQQ	0	VA	c_char_p(81271412)
aEIAeD	0	VA	c_char_p(36407396)
zDrb6K	0	VA	c_char_p(21385540)
z7JU5D	0	VA	c_char_p(42402404)
Ilkc6h	0	VA	c_char_p(45096260)
haK9u6	0	VA	c_char_p(43853636)
yBd5pq	0	VA	c_char_p(42153172)
xyLTVp	0	VA	c_char_p(45547492)
y9L1tN	0	VA	c_char_p(50487700)
zpO2vA	0	VA	c_char_p(37040180)
sa5zmx	0	VA	c_char_p(34371716)
w38w6h	0	VA	c_char_p(22092996)
h4JTQx	0	VA	c_char_p(39172724)
hFshvm	0	VA	c_char_p(44027028)
rZ9foZ	0	VA	c_char_p(55389332)
A6SKIf	0	VA	c_char_p(21543860)
axDpig	0	VA	c_char_p(78952436)
A7SZ4N	0	VA	c_char_p(13577508)
zIL2wN	0	VA	c_char_p(34266644)
Jcrudf	0	VA	c_char_p(21707204)
yAuS6a	0	VA	c_char_p(50890468)
HxQieP	0	VA	c_char_p(59328660)
J5Oqwz	0	VA	c_char_p(73265092)
xVa3KN	0	VA	c_char_p(39268932)
yVEw8F	0	VA	c_char_p(21552932)
wKsMK6	0	VA	c_char_p(20248740)
yE3hLV	0	VA	c_char_p(39360932)
x2Nmus	0	VA	c_char_p(29790612)
A7s8iN	0	VA	c_char_p(45429236)
dmRLPt	0	VA	c_char_p(35896180)
AobJWM	0	VA	c_char_p(33437876)
dKYe2a	0	VA	c_char_p(75561476)
GW9T4V	0	VA	c_char_p(37551956)
sOPSwq	0	VA	c_char_p(18453316)
jUSKu	0	VA	c_char_p(23885220)
wCwJ8t	0	VA	c_char_p(51277348)
y22I9B	0	VA	c_char_p(29971348)
yZ7SDp	0	VA	c_char_p(44839892)
HpBiAJ	0	VA	c_char_p(73535044)
yHRjrK	0	VA	c_char_p(18419812)
10eSb5	0	VA	c_char_p(19189028)
zdLtBc	0	VA	c_char_p(50473044)
GN8Pm2	0	VA	c_char_p(108081844)
ynamaB	0	VA	c_char_p(39127476)
qtMY56	0	VA	c_char_p(31623444)
