ruG5h8	39	OR	c_char_p(48439060)
HxvPXO	4	OR	c_char_p(43772948)
d6irAr	4	OR	c_char_p(43621316)
Hfs8T8	1	OR	c_char_p(60091444)
8XKSEB	1	OR	c_char_p(79424964)
rieB3Q	1	OR	c_char_p(48808884)
GXFy79	1	OR	c_char_p(91758132)
oXblZR	1	OR	c_char_p(43825540)
pkNgfi	2	OR	c_char_p(48805428)
yUzuQt	1	OR	c_char_p(45190836)
HmkvxM	2	OR	c_char_p(67272484)
xpd0lM	1	OR	c_char_p(67231652)
aQW6i8	1	OR	c_char_p(44709396)
HFTEus	8	OR	c_char_p(59230292)
HipZdt	1	OR	c_char_p(86085972)
yZ302b	4	OR	c_char_p(59689812)
c7xaOS	1	OR	c_char_p(44350452)
7DgBXv	1	OR	c_char_p(48569076)
HEPZNE	1	OR	c_char_p(43976932)
Hkx7pN	1	OR	c_char_p(60095060)
HGGZv5	1	OR	c_char_p(43609300)
HWvUCE	9	OR	c_char_p(44356932)
HPpRBA	1	OR	c_char_p(67255284)
HpLuVu	1	OR	c_char_p(48496068)
vrBDUY	6	OR	c_char_p(48602212)
JDOkF	2	OR	c_char_p(44276212)
yyzL3Z	3	OR	c_char_p(67254196)
nxGTGR	2	OR	c_char_p(69060564)
HLWFOC	1	OR	c_char_p(59609812)
HAjg0w	6	OR	c_char_p(44268724)
HCnTWD	1	OR	c_char_p(54794804)
HfcKMf	2	OR	c_char_p(43766900)
zqWjUU	1	OR	c_char_p(44184404)
oPwmki	6	OR	c_char_p(43603860)
Hav5Xq	2	OR	c_char_p(43615828)
HH4xjk	1	OR	c_char_p(45178868)
d0iKKk	1	OR	c_char_p(48400868)
zCaLwp	1	OR	c_char_p(44363764)
RFDtO	2	OR	c_char_p(48406564)
ft7fT3	1	OR	c_char_p(59169988)
kl0eL9	1	OR	c_char_p(79805076)
H4EdtZ	1	OR	c_char_p(43620932)
HijGGo	1	OR	c_char_p(45170788)
GVIwuS	1	OR	c_char_p(43704596)
peANoO	1	OR	c_char_p(45138020)
4qCQZP	1	OR	c_char_p(44702868)
HxGPkv	6	OR	c_char_p(43797428)
