zlIb5M	1	PA	c_char_p(38914548)
zZgTTr	1	PA	c_char_p(39281380)
hWMXby	1	PA	c_char_p(46326564)
9hctlZ	1	PA	c_char_p(39256436)
yfevvl	1	PA	c_char_p(73387620)
srHO6N	1	PA	c_char_p(39274852)
g9ZQJ0	1	PA	c_char_p(38905780)
Abjjlf	1	PA	c_char_p(39122596)
y9LddA	4	PA	c_char_p(39004996)
162B1A	1	PA	c_char_p(39010372)
zTCx5J	2	PA	c_char_p(65318100)
AFrO1t	3	PA	c_char_p(39330532)
AfHijG	1	PA	c_char_p(39077604)
whjRRa	1	PA	c_char_p(38967876)
z5Nlt2	5	PA	c_char_p(46046196)
Ar1Upt	2	PA	c_char_p(39283492)
zkr8wE	1	PA	c_char_p(39092740)
ho3cGX	1	PA	c_char_p(38837380)
xhngp5	1	PA	c_char_p(38826452)
wXKHMr	3	PA	c_char_p(46047492)
ypOnG5	1	PA	c_char_p(39261732)
kPEcOE	1	PA	c_char_p(90894756)
aJN540	1	PA	c_char_p(39108708)
yWncKH	1	PA	c_char_p(46645780)
aLPMXu	1	PA	c_char_p(39294308)
zHsSqp	1	PA	c_char_p(39303684)
wgFhAT	7	PA	c_char_p(38932644)
zapJ5J	2	PA	c_char_p(50737956)
yFyF7Y	4	PA	c_char_p(38855076)
znvtWw	1	PA	c_char_p(38967268)
zWspbN	2	PA	c_char_p(42843860)
yv8epD	3	PA	c_char_p(39407044)
tIqVKg	1	PA	c_char_p(39265540)
yRbDZN	1	PA	c_char_p(39173236)
eGzQjT	1	PA	c_char_p(45431540)
Alirto	1	PA	c_char_p(61445348)
eUzPM7	5	PA	c_char_p(39889604)
xgwoSf	1	PA	c_char_p(41828916)
xSZAKg	1	PA	c_char_p(69245540)
wIFlVx	1	PA	c_char_p(39035476)
pdMNaC	3	PA	c_char_p(89907204)
x0eu4i	1	PA	c_char_p(73532532)
yHYyQ7	1	PA	c_char_p(61453348)
wGldb6	1	PA	c_char_p(81332148)
wZpy6T	1	PA	c_char_p(39203668)
xbUeGC	8	PA	c_char_p(38989268)
UT2FE	4	PA	c_char_p(45050244)
ohsaT8	1	PA	c_char_p(50828724)
wKH0V4	1	PA	c_char_p(39936292)
vVBX3	8	PA	c_char_p(39112276)
vKdE7J	1	PA	c_char_p(38866548)
17Alv	1	PA	c_char_p(38880452)
xxZuKK	1	PA	c_char_p(78693636)
wcl3eE	4	PA	c_char_p(38851812)
yZrCgS	3	PA	c_char_p(88343412)
wdFyf	2	PA	c_char_p(38990420)
yXUDgV	1	PA	c_char_p(45313700)
xswEFh	2	PA	c_char_p(39421316)
x9taWi	1	PA	c_char_p(39030404)
i5NkDz	1	PA	c_char_p(39285796)
xQV03f	12	PA	c_char_p(39830628)
rpRch3	1	PA	c_char_p(46154084)
vG8lcT	1	PA	c_char_p(39309140)
omhYpA	9	PA	c_char_p(39097668)
xj2OOE	1	PA	c_char_p(45039348)
b2uIyI	15	PA	c_char_p(39029492)
zLAOLC	1	PA	c_char_p(52830740)
tFktwP	8	PA	c_char_p(39840420)
qGiT7A	1	PA	c_char_p(39815076)
2YZs1o	1	PA	c_char_p(39365284)
9X6jow	1	PA	c_char_p(46044500)
jx4N1	1	PA	c_char_p(46071572)
yxqdMl	1	PA	c_char_p(82922516)
xAeRJr	1	PA	c_char_p(61664420)
zOcqWO	2	PA	c_char_p(53070660)
zqWjUU	217	PA	c_char_p(39427524)
1bJVh1	1	PA	c_char_p(37752356)
AAe9Zt	1	PA	c_char_p(62814084)
ynamaB	1	PA	c_char_p(39127476)
yTOQJO	3	PA	c_char_p(39364644)
wRJPn5	3	PA	c_char_p(53072132)
mNYfwY	2	PA	c_char_p(39333348)
eJjIdy	1	PA	c_char_p(50915636)
w3Km2i	1	PA	c_char_p(62991492)
azZAg5	5	PA	c_char_p(39912548)
z09ETR	1	PA	c_char_p(39385828)
zhiEWv	1	PA	c_char_p(51908724)
y9SVUQ	2	PA	c_char_p(48569668)
a4OKCe	1	PA	c_char_p(39437220)
oRf2cz	1	PA	c_char_p(39454308)
eOAJ7r	1	PA	c_char_p(38919444)
eWgcf3	1	PA	c_char_p(39356420)
wuRdKC	1	PA	c_char_p(81316660)
xso7G1	1	PA	c_char_p(38792916)
wKbJY3	1	PA	c_char_p(38853844)
4tKHW0	1	PA	c_char_p(65321076)
yDzEd8	3	PA	c_char_p(38811492)
mFdoPs	1	PA	c_char_p(39138660)
wXG4iA	1	PA	c_char_p(38996452)
zzbvyE	5	PA	c_char_p(45362676)
AjBOJC	1	PA	c_char_p(73530340)
zh9otc	3	PA	c_char_p(39023892)
fD1gQd	15	PA	c_char_p(39846612)
qO22	3	PA	c_char_p(62997684)
xVa3KN	3	PA	c_char_p(39268932)
2RZGnu	1	PA	c_char_p(82920036)
hcHgpI	2	PA	c_char_p(46083700)
bQhoAU	1	PA	c_char_p(39380244)
wxp6OM	1	PA	c_char_p(62972196)
yE3hLV	2	PA	c_char_p(39360932)
wgysHB	1	PA	c_char_p(50836820)
AxZeGn	1	PA	c_char_p(38779892)
yaObgh	1	PA	c_char_p(46077652)
zi1Wn5	3	PA	c_char_p(52951124)
zt5EyF	1	PA	c_char_p(88338804)
yr7kJ5	1	PA	c_char_p(73188516)
8Ee2N	12	PA	c_char_p(39005668)
yKvzQ9	3	PA	c_char_p(38901172)
