AhvmIu	6	MO	c_char_p(23777092)
150pf	1	MO	c_char_p(23922516)
mYuqg	1	MO	c_char_p(22943540)
zZ2Moo	1	MO	c_char_p(22952404)
gM0Ww0	1	MO	c_char_p(23889748)
9bj1Pm	1	MO	c_char_p(62008084)
bhYcdV	4	MO	c_char_p(22940708)
zw5Zip	1	MO	c_char_p(22944628)
eWgcf3	1	MO	c_char_p(22704596)
brN9em	1	MO	c_char_p(23736020)
A2vkTX	1	MO	c_char_p(24125428)
zDzyir	2	MO	c_char_p(64037636)
xh5Gr0	1	MO	c_char_p(23040180)
nhzgOZ	1	MO	c_char_p(23234244)
zr2jZP	1	MO	c_char_p(22845220)
zRdly2	1	MO	c_char_p(22973572)
3ixzg	2	MO	c_char_p(23741092)
dtdfFC	4	MO	c_char_p(62171044)
bREk8i	1	MO	c_char_p(67801828)
gPBjdE	1	MO	c_char_p(35902420)
zi62Ow	4	MO	c_char_p(22895300)
3Gl61S	1	MO	c_char_p(22844116)
aLAIbY	1	MO	c_char_p(31528868)
6d7nUu	1	MO	c_char_p(23243396)
o3utvq	1	MO	c_char_p(43460404)
bQLP3c	2	MO	c_char_p(61937012)
VQuiV	1	MO	c_char_p(41871172)
xEaLTz	1	MO	c_char_p(22886644)
Aa6Do2	1	MO	c_char_p(22655620)
zui2a7	1	MO	c_char_p(64036660)
wnpouX	1	MO	c_char_p(22914340)
qqlE9A	1	MO	c_char_p(36683236)
wRBsoq	1	MO	c_char_p(23302804)
zuXlx1	1	MO	c_char_p(23256244)
xc6FLh	1	MO	c_char_p(22769556)
qO22	6	MO	c_char_p(22883844)
18WTMn	1	MO	c_char_p(22966244)
zgTKWo	72	MO	c_char_p(22893988)
cECuKf	1	MO	c_char_p(23176244)
crlJBQ	15	MO	c_char_p(24294644)
m3yX13	2	MO	c_char_p(23177428)
yInBWz	1	MO	c_char_p(22774420)
aT0jpI	2	MO	c_char_p(31844244)
4hVO1M	1	MO	c_char_p(22997044)
d0iKKk	2	MO	c_char_p(64050836)
d7PFbS	1	MO	c_char_p(23743012)
qsYdY9	1	MO	c_char_p(31616388)
xXgYrB	1	MO	c_char_p(24232004)
zbOHdB	2	MO	c_char_p(22661092)
Um9Ee	1	MO	c_char_p(22786660)
w11sfQ	1	MO	c_char_p(67802260)
zX48Ks	1	MO	c_char_p(22993284)
yKQp34	1	MO	c_char_p(22742420)
AodKwD	2	MO	c_char_p(24134148)
9nByMb	2	MO	c_char_p(24127796)
aJAUwv	1	MO	c_char_p(23303796)
9srtah	1	MO	c_char_p(22857908)
bDlcVM	4	MO	c_char_p(41712980)
gVprHF	1	MO	c_char_p(24225524)
cyYpT3	5	MO	c_char_p(31629364)
wN4Pmk	1	MO	c_char_p(24227108)
bZO9Zn	1	MO	c_char_p(34484788)
bTtxJG	2	MO	c_char_p(44452804)
bdzxVb	7	MO	c_char_p(23774452)
bs2FAS	1	MO	c_char_p(35954468)
pFuB71	1	MO	c_char_p(39833636)
zYzAc0	1	MO	c_char_p(41859732)
gilcS	4	MO	c_char_p(22967076)
y66yuN	2	MO	c_char_p(22658548)
vSXqqy	1	MO	c_char_p(62038628)
mPPzep	1	MO	c_char_p(66059284)
