x4Hpxy	1	UT	c_char_p(27649412)
zpMNgP	3	UT	c_char_p(34449540)
zjYD2Y	1	UT	c_char_p(59938596)
wmELwr	1	UT	c_char_p(34500308)
wC9T3J	3	UT	c_char_p(59482500)
gWWk0G	1	UT	c_char_p(41193620)
xYQKDc	1	UT	c_char_p(28996276)
wIyF96	1	UT	c_char_p(34582660)
zb0i4q	2	UT	c_char_p(63143540)
yUzuQt	3	UT	c_char_p(34582276)
wg8Ni9	1	UT	c_char_p(28040132)
xh3qMx	1	UT	c_char_p(29917124)
xraJ6L	1	UT	c_char_p(49687252)
wKSh4w	1	UT	c_char_p(27447252)
AbbhaA	1	UT	c_char_p(34502180)
wB0vYz	1	UT	c_char_p(29106532)
fabQ9F	1	UT	c_char_p(34380772)
zYJZqh	2	UT	c_char_p(27941940)
x6ov7j	1	UT	c_char_p(34728228)
w7PGMB	5	UT	c_char_p(27560372)
w8wz	2	UT	c_char_p(34620996)
xl8O0c	2	UT	c_char_p(28114644)
2HT2Lu	3	UT	c_char_p(34470564)
zMujcO	3	UT	c_char_p(75314340)
yCu3Zw	1	UT	c_char_p(27891828)
y5whwl	1	UT	c_char_p(75777540)
zxizY7	1	UT	c_char_p(27637540)
tcYhB	2	UT	c_char_p(27444292)
zZ1zsG	1	UT	c_char_p(34742468)
yVEw8F	2	UT	c_char_p(34659908)
A5CC1g	1	UT	c_char_p(72359668)
soWWhu	1	UT	c_char_p(74529956)
3KiV4l	1	UT	c_char_p(63152164)
w4NJML	1	UT	c_char_p(34384980)
A9Z0gt	1	UT	c_char_p(33706052)
yrfXg6	1	UT	c_char_p(27843956)
zuXfj1	1	UT	c_char_p(71171748)
e4T7o7	5	UT	c_char_p(27807604)
130rZ5	1	UT	c_char_p(28937188)
A3vOk9	1	UT	c_char_p(34723348)
wT7eLi	8	UT	c_char_p(27553204)
i6QVtU	1	UT	c_char_p(27401620)
wJPcoM	1	UT	c_char_p(27403012)
zgSHWG	1	UT	c_char_p(27457652)
xXGIJ9	7	UT	c_char_p(27550292)
zdzyf7	1	UT	c_char_p(27454964)
