yZ04yM	2	AL	february house photo white day 2012 state union video watch enhanced transparency commitment browse house white logs visitor wait executive actions president obama federal receipt tax federal dollars tax spent people petitions create sign house inside white tour interactive february house check offices photo 2012 picks white day president house
xswEFh	3	AL	affairs public home links point hyperlinks find site constitute services welfare linked web provided army west purpose stated sites contained authorized endorsement department consistent exercise activities information locations control external exchanges morale recreation appearance products editorial military disclaimer web aspects technical site comments master questions reporting site broken link address
4BiybH	1	AL	register restraint nhtsa safercargov child child register restraint national nhtsa administration safety urges traffic highway manufacturer register address identify notify event information provide class current safety mail manufacturers restraint registered important child included manufacturer owners required recall mailing image number sample bottom label note include manufacture manufacturers restraint produce child
wzszy3	2	AL	february topics system exploration solar year overview 2012 farranging february robots 2012 scouring robotic recordbreaking challenges winds earth creative solutions find braved intrepid temperature working sun flying system explorers continue struggling circumstances conditions faced worlds scientists solar intense harsh missions presented extreme sizzling extremes crawling speeds engineers week national month
i5NkDz	1	AL	region southeast 4 epa content area jump main navigation contact epa mississippi georgia north florida kentucky tennessee 6 tribes alabama south carolina mississippi serving north tennessee florida kentucky georgia 6 tribes alabama south carolina street center sam federal region sw 61 30303 nunn 4 forsyth ga atlanta epa division georgia
A9CsBL	1	AL	space cosmic colors nasas place viewer instruments eyes visible images detect unaided instrument ordinary shown telescopes made colored light dont means viewer image object wavelength appears darkened energy peppy lazy pulses tiny planets naked space electromagnetic long stars eyes galaxies gas part waves dust sending short clouds light ocean travels
Mivrc	2	AL	information protection agency radon environmental state contact content area jump main navigation contact rn radon lands radonresistant national related month zones including native information housing find state program health assistance department local events map living directory construction authority tribal radon contact action americans builders wwwepagoviaqtribal epa va pa providers requiring
10GCdb	1	AL	story weather bou display chances winds cold needed precipitation moderately late plains moisture expected today mountains evening north unsettled activation possibly front diminish bit bringing high builds cooler wednesday temperatures activity showers overnight tonight warmer spotter provide snow sunday significance monday slight friday thunderstorm rain pressure chance strong dry region
xzMFCp	1	AL	photo house january white day 2012 state union video watch enhanced transparency commitment browse house white logs visitor wait executive actions president obama federal receipt tax federal dollars tax spent people petitions create sign house inside white tour interactive january house check offices photo 2012 picks white day office deputy
wIzuEQ	1	AL	cancer bmj ncbi metaanalysis survivors pubmed activity 2012 physical function web ncbi javascript site warning requires management citation external file generate software ka school nursing university shing li hong china faculty medicine kong completion cancer adult systematically activity treatment related patients effects evaluate main physical independently controlled quality assessment metaanalysis
qfePq9	3	AL	summer apod nights august dream 5 2011 fascinating discover featured written image explanation day photograph astronomer cosmos universe professional 5 2011 august summer results yellow planning earth concentric rotates find photographer fix late worth familiar michigan fairies fall awaken continued rosinski streaks traced night series scenes asleep images 4555 arcs
ADcfBM	1	AL	tutorials medlineplus health interactive education tutorial easytoread presents variety symptoms health treatment wellness tutorials conditions patient diseases includes graphics audio language institute medlineplus diagnosis learn animated surgeries prevention interactive adobe prompted download tutorial flash note start version tutorials 8 httpgetadobecomflashplayer require mobile twitter subscribe version updates follow email rss national
b2uIyI	1	AL	house white state union video watch enhanced transparency commitment browse house white logs visitor wait executive actions president obama federal receipt tax federal dollars tax spent people petitions create sign house inside white tour interactive event live facebook discussion participate click member facebook give click questions comments httpwwwwhitehousegovvideo ondemand library
yvqYTZ	1	AL	fax fire hp burn hazards due recalls machines named washington instructed voluntary consumers illegal commission safety cooperation announced firm product stop dc recalled resell attempt immediately products today recall consumer 1050 product 1040 hp fax machines canada 240000 mexico 928000 units alto importer palo hewlettpackard calif fax overheat failure fire
AsIMvN	3	AL	revised item reporting wiretap news instructions information office affairs contact 2025022600 public 02 february 2012 office revised number file year electronic orders court interception instructions administrative congress approving applications report authorizing data posted required reports communications underlying filed data judges prosecutors federal annual contained reports state website archived 1997 annual
wGJkQa	1	AL	fda professionals risk tysabri factor drug multifocal safety natalizumab healthcare pml podcast progressive leukoencephalopathy todays topic pml leukoencephalopathy multifocal information natalizumab safety factor division narrator risk tysabri podcast fda professionals progressive drug healthcare division information communication davison additional provide pharmacist lindsay tysabri issued testing disease brain pml jcv 20 guest
bSLfjT	6	AL	20 center watch thunderstorm prediction severe storm status 20 report watch messages information network service national warnings visit iwin weather interactive 20 low 5 low 30 mod 30 mod 60 mod 20 low high 80 f2f5 probability forecaster 70 60 table event increased category tornadoes probabilities issuing 5 low moderate
yPpESv	2	AL	story success shelter saves community blog preparedness lives storm fema great made shelter money helped cost total fema provided management grant mitigation agency program emergency hazard fund 48000 town 70000 project 2005 alabama town helms lee grant assisted writing associates plansspecs found comment accordance comments blog moderated policy femas links
qO22	4	AL	return tax free preparation volunteers topics individuals irs resources programs assistance irs tax qualify elderly taxpayers offer free income counseling tce vita volunteer neighborhood people credit filing tax locations elderly disabled located irscertified malls return vita electronic centers special 50000 taxpayers provide convenient make generally sites libraries returns program income
xD9YYz	1	AL	humor shakespeare humors contact nlm map copyright visit site faqs contact tours hmd home history humor shakespeare humors home history national site library human institutes information copyright privacy health bethesda medicine 8600 map 20894 pike act accessibility services viewers md rockville players contact freedom 2012metadata updated level permanence january 30
ycNZwZ	1	AL	national multimedia park photos historical ferry harpers search album slideshow view album slideshow view album slideshow view album slideshow view album slideshow view album slideshow view album slideshow view album slideshow view album slideshow view album slideshow view national site 1896 group make convention pilgrimage john brown league july 14
qQj0K	1	AL	information recreation camping federal recreationgov tour reservation great outdoors visit americas great outdoors visit americas great outdoors visit americas great outdoors visit americas great outdoors visit americas wilderness oasis swimming beach desert alpine mountain wildlife land rocky national arsenal haven flourishing toxic piece refuge reasons states resorts mountain united forests
wGldb6	125	AL	apod australia aurora february 1 red 2012 fascinating discover featured written image explanation day photograph astronomer cosmos universe professional 1 february 2012 atmosphere including magellanic earth disk galaxy ground sky showered weeks excited australia familiar aurora emanating oxygen large pictured night small distant back video highlighting particles state 1402 red
jjHHaH	6	AL	hudno11134 hud notice rights homeownership disclosure announces revised servicemembers protects protecting militaryfederal dependents law disclosure duty civil revised washington housing department announced relief development urban notice form servicemembers emphasizes active dependents rights protected today act military duty foreclosure mandates wartime states active rate including court proceeding mortgage personnel percent valid
mNYfwY	1	AL	heart living healthy live healthfindergov health learn quick guide connect website hyperlink nongovernmental direct application hhs consistent hyperlinks states services human subject information hyperlinked united application contained health endorsement department website intended provided visitors external constitute applications privacy appearance practices products policies purpose link redirected information usaccessibility privacy mapcontact act
A7Gd4g	2	AL	fda professionals boxed contraindication brentuximab drug vedotin warning safety adcetris healthcare podcast todays topic warning information brentuximab safety adcetris division narrator boxed contraindication vedotin podcast fda professionals drug healthcare division communication navin information additional provide lesley safety officer consumer august issued due brain warning result pml precautions leukoencephalopathy risk multifocal
jSNUzQ	26	AL	hsf realtime space human flight data control uptotheminute mission spacecraft path data make sky project applet reside significantly 336 download skywatch cache approximately access internet files 144 downloading 300 sufficient downloaded data 10 hard minutes clear required drive connection nasa time modem kbps updated official responsible amiko curator notices nasa
vnrjr0	1	AL	great paterson national park falls historical search industrial played national site revolution nations parkhome industries power service role 7 largest interior 2011 jarvis economy ken building spectacular park waterfalls designated falls director key november shaping jon great harnessed americas american salazar 397th secretary twitter sign follow paterson events great falls
wOG84K	1	AL	life fibromyalgia ncbi rheumatol 1993 pubmed comparative quality function web ncbi javascript site warning requires management citation external file generate software division rheumatic diseases university arthritis oregon sciences 97201 health portland obstructive previously results chronic pulmonary quality adversely compared consistently measured lowest controls permanent diabetes scored life dependent arthritis osteoarthritis
oWeDBN	1	AL	photography astronaut earth gateway brightly expedition madrid northeastern canary middle 015224 pass north france peninsula northeast stands space west sequence 28 crew station board gibraltar international 2012 strait begins ends march sahara continues southern iberian dark atlantic western islands balearic spain 30 ocean pyrenees shots video gmt 015922 photographs high
f2wsbN	1	AL	living weight healthfindergov healthy learn children live quick guide connect website hyperlink nongovernmental direct application hhs consistent hyperlinks states services human subject information hyperlinked united application contained health endorsement department website intended provided visitors external constitute applications privacy appearance practices products policies purpose link redirected information usaccessibility privacy mapcontact act
csP84E	1	AL	information explorer sheet institution space national smithsonian air source astronautics department data museum image enlarged version click geophysical jpl laboratory states officially year earth technology instrumentation united van built james propulsion direction state program international pickering satellite iowa exploreri 19571958 william aloft part california designed alpha dr 1958 jet allen
wgFhAT	1	AL	national regional park alaska servicealaska officeglaciers harding national snowfall 60 approximately abundant occur ice summers melt fjords 46 gravity parks acres kenai combined glaciers time areas conditions multiple fourth form year million park average connected fall cool feet land snow require annual flow alaska greater large amounts alaskas receives icefield
yvQMmi	1	AL	toxicol inhal ncbi review woodsmoke pubmed health effects 2007 function web ncbi javascript site warning requires management citation external file generate software georgia usa university athens environmental college science department health public outdoor managed constituents indoor sources including questions sufficiently agricultural issues principal 1 based residential healthdamaging treatment developed thousands
