HDTp3l	2	MD	c_char_p(43653316)
o3KsbN	1	MD	c_char_p(98857508)
g9ZQJ0	1	MD	c_char_p(43048948)
IgXysV	1	MD	c_char_p(43274676)
bQKgaj	1	MD	c_char_p(43056276)
I47jP3	1	MD	c_char_p(43235764)
HotUYe	1	MD	c_char_p(45004228)
3ixzg	3	MD	c_char_p(51204420)
HWaoP3	1	MD	c_char_p(49412180)
bREk8i	2	MD	c_char_p(49277156)
Kd3rIn	1	MD	c_char_p(43237268)
IiSx7B	2	MD	c_char_p(42808164)
HW70am	1	MD	c_char_p(73621172)
uQv1W	1	MD	c_char_p(49451204)
IzOVjm	1	MD	c_char_p(73826772)
Io0EAA	1	MD	c_char_p(44469444)
3kB8NB	2	MD	c_char_p(42994964)
IgSSZu	1	MD	c_char_p(44472628)
OkEO	1	MD	c_char_p(43723268)
IC2HMt	3	MD	c_char_p(45092900)
JsddZe	2	MD	c_char_p(49304948)
9u2Mdi	1	MD	c_char_p(43745828)
Hx4XG6	2	MD	c_char_p(49432244)
Ii1Oig	1	MD	c_char_p(42900308)
Ig2dOv	2	MD	c_char_p(59691876)
xXyC9	1	MD	c_char_p(44460452)
o3aBC	1	MD	c_char_p(42815828)
fU0iNs	1	MD	c_char_p(85799364)
JK3A9t	2	MD	c_char_p(44184596)
Yrdxt	1	MD	c_char_p(61171652)
neIyHR	2	MD	c_char_p(109430500)
zuZK24	1	MD	c_char_p(64777604)
HFTEus	22	MD	c_char_p(43741812)
Ipm8hL	1	MD	c_char_p(49541220)
eOQfZi	3	MD	c_char_p(67945060)
9lcG6i	1	MD	c_char_p(44770980)
HFpUPS	2	MD	c_char_p(42962132)
1N2Qr4	2	MD	c_char_p(75526580)
pr33nt	1	MD	c_char_p(44467204)
HVtybJ	1	MD	c_char_p(51341076)
IecOfV	1	MD	c_char_p(49462644)
I6ReqK	1	MD	c_char_p(43073460)
IbekPM	1	MD	c_char_p(43586772)
yy8swK	1	MD	c_char_p(45360644)
IqvseW	1	MD	c_char_p(42834388)
KtObMh	5	MD	c_char_p(43219684)
JJNP42	1	MD	c_char_p(89719012)
9BMoCH	1	MD	c_char_p(43804740)
2EptfH	1	MD	c_char_p(49449044)
af4ooI	1	MD	c_char_p(43716916)
HXEK63	1	MD	c_char_p(48379988)
UT2FE	2	MD	c_char_p(81542100)
Ij6Bvt	1	MD	c_char_p(85713572)
InMW1K	1	MD	c_char_p(43782020)
IHEWr0	1	MD	c_char_p(49500772)
GBcNCI	2	MD	c_char_p(43686724)
Iw970m	2	MD	c_char_p(42673972)
g8zRI	3	MD	c_char_p(42791076)
IrAtDP	9	MD	c_char_p(42930996)
tlrJlr	1	MD	c_char_p(49521988)
JFjy7w	2	MD	c_char_p(42858500)
4dwBHm	1	MD	c_char_p(89745012)
I1rETt	1	MD	c_char_p(55226852)
yUzuQt	1	MD	c_char_p(42880564)
b2uIyI	1	MD	c_char_p(43685924)
xb8ulH	1	MD	c_char_p(52489652)
JxHLI8	5	MD	c_char_p(43761076)
dUak01	3	MD	c_char_p(43201460)
rbSp4R	2	MD	c_char_p(44754660)
ymy3zC	1	MD	c_char_p(43038820)
nnz5f	1	MD	c_char_p(85798580)
Jt0XHQ	1	MD	c_char_p(42828916)
I9ewin	1	MD	c_char_p(43010276)
xuIjOO	1	MD	c_char_p(42967700)
Ie4UjU	11	MD	c_char_p(44358692)
Jk7XUE	1	MD	c_char_p(43002084)
aGJqkZ	1	MD	c_char_p(42855716)
Iq6HUL	2	MD	c_char_p(43267556)
u92XMk	1	MD	c_char_p(43736756)
6G8BYN	1	MD	c_char_p(44742548)
Aa6Do2	3	MD	c_char_p(42715444)
zh2C2l	1	MD	c_char_p(43600468)
IxpWae	1	MD	c_char_p(43721924)
IsiuhB	1	MD	c_char_p(82728260)
K5bffN	1	MD	c_char_p(44404196)
2AUpR3	1	MD	c_char_p(43024148)
A9iXYz	2	MD	c_char_p(85772228)
JAN7nM	1	MD	c_char_p(42925572)
aavG8x	2	MD	c_char_p(43216884)
i9o1wr	2	MD	c_char_p(43013108)
rieB3Q	1	MD	c_char_p(44813380)
I9KsTO	1	MD	c_char_p(85761044)
IHPQss	1	MD	c_char_p(92978932)
zNcDhx	1	MD	c_char_p(43817844)
JFMg72	3	MD	c_char_p(85748804)
IG9vi5	1	MD	c_char_p(42836820)
Jmouvy	2	MD	c_char_p(43743956)
IHV8px	1	MD	c_char_p(81533556)
6QvFQm	1	MD	c_char_p(81545236)
IvlSK1	2	MD	c_char_p(44446932)
ICJn5b	1	MD	c_char_p(43653956)
fvfTRF	1	MD	c_char_p(49428340)
JYN8VF	1	MD	c_char_p(49326052)
96jIsQ	1	MD	c_char_p(42935188)
VlpmB	1	MD	c_char_p(43784612)
JDmZqo	3	MD	c_char_p(45003524)
IXeDKr	1	MD	c_char_p(49375556)
IfARf3	1	MD	c_char_p(49478708)
IbvddW	1	MD	c_char_p(43278724)
Ihr0Qf	1	MD	c_char_p(54274724)
xBhvtQ	1	MD	c_char_p(49317508)
qcR6vD	1	MD	c_char_p(43778180)
I8bwn3	1	MD	c_char_p(43749604)
KeLUjJ	6	MD	c_char_p(42964932)
IYqdF0	2	MD	c_char_p(43790356)
