VQuiV	1	AZ	star energy low carbon campaign products low carbon home lowers saving campaign recognize energy global reducing technology information ultimately burning offer equipment low fossil resources fuels star risk nationwide brings assist carbon effort warming organizations consumed space air reduces pollution organizations star campaign energy joined saving low money carbon thousands
wrNexb	1	AZ	sci ncbi med sports exerc pubmed effects strike 2012 type footwear function web ncbi javascript site warning requires management citation external file generate software 11 biology evolutionary divinity usa university harvard cambridge human department ma avenue 02138 rearfoot shoes differs forefoot heels elevated strike supports minimal economy versus tests standard
y6uyTg	1	AZ	apod rays 21 wyoming february anticrepuscular 2012 fascinating discover featured written image explanation day photograph astronomer cosmos universe professional february 21 2012 spherical scattered month striking sky degrees cheyenne photographed occurring clouds travels common side referred set sun supernatural pictured pours great horizon wyoming whats point scene rising unusual usa
HhutQx	1	AZ	cancer study fight veggies cabbage medlineplus broccoli breast pages related medlineplus cancer tuesday cruciferous foods healthday suggests top 3 eating survival breast news super broccoli improve odds april study vegetables cancer cruciferous disease 62 compared vegetables percent recurrence china breast women die study 35 diagnosed found consumed researchers kale cruciferous
FRke6w	1	AZ	lower blueberries risk tied medlineplus apples diabetes pages related medlineplus narayanan aparna linked blueberries pears reuters health eating risk york diabetes lower study apples heart cancer loaded flavonoids vegetables research tentatively risk tied compound benefits present lower natural grains disease heath fruits people tended blueberries research 2 health low type
AhqykV	1	AZ	kids selfcentered brains medlineplus immature page related medlineplus wednesday brain healthday linked selfish young children 7 selfcontrol development march news region behavior involved study incomplete beneficial findings german children selfish lead ways explain young impulses difficulty controlling promote suggested improved behavior social researchers played neuron ages accept children recipient 8
zgf0i7	1	AZ	week nominate mdch health hometown heroes public actions large encourage health care arises families michigan measures problem lives communities lifelong preventive expand improve begins homes benefits small residents movement prevention week takes 25 michigan april health capital place public celebration neighborhood andor hometown partnership community event city make responsibilities healthier
yvzlT0	1	AZ	sec form accurate reviewed information necessarily commission reader complete exchange completethe securities assume determined filing 1 identity issuers information business contact 2 place principal persons 3 related clarification response clarification response clarification response clarification response industry group 4 size 5 issuer federal select 6 claimed apply exclusions exemptions type filing
Aa0BkI	1	AZ	sec form accurate reviewed information necessarily commission reader complete exchange completethe securities assume determined filing 1 identity issuers information business contact 2 place principal persons 3 related clarification response clarification response clarification response clarification response clarification response industry group 4 size 5 issuer federal select 6 claimed apply exclusions exemptions
AnkFiD	1	AZ	acad sci ncbi resistance pubmed insulin cellular natl 2009 proc function web ncbi javascript site warning requires management citation external file generate software australia street institute medical klh8stvirginiaedu darlinghurst research program 384 nsw garvan obesity victoria 2010 diabetes caused resistance poorly rapid rapidly parameters production defining superoxide results uncouplers cellular
xVtDTN	1	AZ	senate page environment majority committee works public roh rva senators senate house saves washington authority committee jobs americas eric march cited affairs funding surface housing 29 passage environment majority acting cantor speaker chairman dsd john leader today systems urban expires transportation million dc dca 31st boxer paid letter bipartisan johnson
H8NvHQ	1	AZ	risk mobile pubmed mellitu statin diabetes med 23172214452 jan intern 9 arch epub 2012 rochester usa mayoclinic hospital mn methodist newonset initiative statin mellitus health diabetes dm incidence whi investigates background women study participating postmenopausal womens status obesity methods analyses hazards adjustments years states confounding year statin aged centers captured
wJKNXv	1	AZ	100 trilogy respironics ventilators recall class 11 october initiated recall date 2011 product 30 april manufactured trilogy february ventilators 1 100 2011 ventilator home hospitals nursing support trilogy ventilation health breathing weighing intended continuous respironics ventilators adult 100 care 11 homes intermittent require pounds patients pediatric mechanical settings serial numbers
bMDJpg	1	AZ	fdsys browse bills congress senate house states types legislative united proposals representatives bills congressional hr house chambers president approval law require senate signature bills limited senate house approval chambers resolutions amendments constitution res generally propose hj joint appropriation purpose president matters require single specific sj signature force senate house approval
GHxaYt	1	AZ	permitting federal review executive white infrastructure house improving performance order projects state union video watch enhanced transparency commitment browse house white logs visitor wait executive actions president obama federal receipt tax federal dollars tax spent people petitions create sign house inside white tour interactive house white office press secretary executive
HFpUPS	1	AZ	grant grantsgov opportunities synopsis opportunity find precedence service disk electronic click information grant provide notification send inconsistency document email resolved notifications printed address opportunity emails change receive thing giving original requestedany modification description represent newest file oldest previous shown documents current document sections files background representing modifications arranged changed list
6eQiB	1	AZ	phones cell call registry truth telemarketing national number trade numbers phones telemarketers 139 dnc federal concerned agency circulating surpassed cell commission protected call internet today million reiterated phone registry emails made consumers calls released register addition future time claims dnc phones cell registry truth information rules national wwwftcgov fcc wwwfccgov
zbNMdZ	1	AZ	uscis teachers citizenship links educators process developed learning find information variety support classroombased opportunities role test critical resources development play started helping explore adult supplemental uscis naturalization prepare immigrants options materials teachers professional efforts volunteers section classroom uscis instruction supplement multimedia materials print find handouts plans civics games download lesson
HcbCHX	1	AZ	office revenue personal tax daily controllers april state tracker california income 2012 personal tax month april income revenues 2012 major revenue tax month provided source personal daily state income john big tally controller receipts taxes april chiang show month 130 7171 reports total personal projected state income collected net billion
wAM1zS	1	AZ	impact workhour ncbi med acgme pubmed reforms educ grad 2011 function web ncbi javascript site warning requires management citation external file generate software set educators resident number surgical council education mandated concern competency reducing requirements accreditation acgme graduate reduction clinical expressing hours generated july exposure regulations medical work controversy 2003
yFzPCW	1	AZ	rituximabrefractory ofatumumab ncbi pubmed blood follicu monotherapy 2012 function web ncbi javascript site warning requires management citation external file generate software immunology cancer roswell institute park departments ny medicine buffalo heavily cd20 dose 91 weekly 27 22 wwwclinicaltrialsgov progressionfree rash 4 8 infusionrelated combination leukopenia survival mg therapy international years
HxGPkv	1	AZ	apod april tungurahua 2 erupts 2012 fascinating discover featured written image explanation day photograph astronomer cosmos universe professional april 2 2012 1300 roughly high tungurahua erupts years shines cloud peak glows photographer sky lavalit 5000meter located hot 2006 captured starlit white image pictured ejected pours explanation distance visibly dark fell
vjftXS	1	AZ	status thomas congress bill library summary 112th samdt1126 2011 2012 amendment purposeto united section citizens authority detain states limit forces 1031 armed amendment text submitted s7745 cr status cosponsors9 webb va ron jeff harkin vt il 11172011 steven ia sen merkley richard jim mark kirk wyden tom 1212011 udall mike
wAO5RR	1	AZ	19 january national update thursday situation fema 2012 information warnings west region effect watches remain advisories wwwwrhnoaagov numerous latest heavy flash series move pacific wyoming mountains saturday montana northern amounts coasts cascades copious 3 low moisture 6 flooding idaho systems rainfall heaviest inches utah oregon coast pressure carrying california snowfall
GDd9Vw	1	AZ	invasive study medlineplus patients hernia easier procedure page related medlineplus invasive results chronic surgical healthday pain compared minimally hernias research treat approach march monday news recovery faster 19 traditional finds procedure option expert older strategy cases repair washington isnt brunt onesizefitsall dr circumstances louis university michael st professor surgical hernia
snOw0H	1	AZ	apod december 3 2011 fascinating discover featured written image explanation day photograph astronomer cosmos universe professional december 3 2011 composed color recorded format years pole remarkably captured sky long camera covered medium north colorful skyscape explanation trail illuminating 10 pannonian clouds starry scenes slide croatia upper celestial trails frame surrounding
Bptec	1	AZ	fdic failures bank telephone questions subject service 4 2012 updated 18882064662 hotline address bank customer list failures national 991 total usa na deposits approximately association closed agreed banesco north million pr0522012 lauderdale bank assets assume 1010 fl security april ca premier pacific 1228 palm national total brokered deposits approximately closed
y9AfPU	1	AZ	ag013736 full text gbm axitinib clinicaltrialsgov elderly ii multiforme patients glioblastoma phase view medication determine addition radiation investigational treatment axitinib therapy purpose 70 improve study patients outcome age states depends vessels determine find tumor united addition make administration approved preventing treatment characteristics grow good food forming axitinib standard blood response
GIVrCB	1	AZ	ease medlineplus sinusitis chronic medicine alternative pages related medlineplus chronic dietary healthday news alternative 21 acupressure sinusitis acupuncture therapies march spell treatments standard tandem western significant pilot battling study wednesday suggests patients relief inflamed combining headaches potential medicine therapies breathing pain eastern sinuses explore western facial authors impaired study experience
zHsrnj	1	AZ	thomas congress text bill library 112th 20112012 hcon ih 107 force misdemeanor high sense constitution section offensive crime 4 constitutes authorization expressing congress president article ii clear prior impeachable act military jones committee judiciary submitted concurrent mr resolution referred force misdemeanor high sense constitution section offensive crime 4 constitutes authorization
yuI4fX	1	AZ	benefits corps exploratory army brings partnership headquarters archive districts drilling news engineers operations corps photo blackson operator rig roberts district army lake hill john 2012 march lee dam nashville drilling 14 center saddle conducts districts drill baltimore engineers roberts greenyellow photo site manager sarah adcock corps district army mark geologist
ypOkjj	1	AZ	office regional visit epa content area jump main navigation contact epa works find epa senior schedules manager view visit epa work epa volunteer ten states territory find special information responsible click territories state select map regional environmental cases programs country visiting list offices epa alabamaalaskaamerican carolinasouth samoaarizonaarkansascaliforniacoloradoconnecticutdelawaredistrict mariana hampshirenew ricorhode
6OvCsb	1	AZ	preserve memorial timucuan national ecological historic caroline fort search wetlands coastal hardwood discover human kingsley includes timucuan 6000 dunes visit plantation caroline preserve beauty coast atlantic marshes years fort hammocksthe experience unspoiled salt history school slave graveyard university florida archaeology plantation field kingsley quarters found evidence 2010 florida anniversary landing
xWqqSm	1	AZ	eligibility study insurance improves medlineplus medical care page related medlineplus seaman andrew adults states parents measure mandated doctor federal young insurance reuters health 2010 extend stay york law care study suggests time high parents health meant jobs plans coverage trouble outgrow school 18 fulltime typically laws adults people years 65
xOY8yS	1	AZ	conference join blog call tank fema program disaster kaufman date reportwill crisis resilience workshop 2030 policy 8 speaking risk director dave mgmt report response conceptfema great region hosting analysis time transcripts dont wasnt shame decided long 2 worth phone hold wait longer minutes month discussion ideas forward format visual plan
111Hxc	1	AZ	emergency cdc promotes news response partnerships april 3 2009 published control council cdc national reduce coalition parents including cooperative children impact information preventions employers agency potential safety health injury march risk business populations agreement workforce lives adults group promote dependents present center older prevent 18 employees disease millions visited partnerships
86tmzQ	1	AZ	intercessory heart ncbi study pubmed 2006 effects therapeutic function web ncbi javascript site warning requires management citation external file generate software israel mindbody center usa institute medical school hbensonbidmcharvardedu medicine harvard boston department ma beth deaconess illness supported influence cabg addressed prayer surgery graft provided recovery trials coronary 1 clinical
Ax2o10	1	AZ	full solid study text clinicaltrialsgov patients plx10801 safety tumors view measure urine primary tumors oncogenic pharmacokinetics incurable linked administered fms safety kinases objective plasma evaluate kit pathophysiology selective biomarkers pharmacodynamic advanced secondary plx3397 target study disease solid patients orally activity inhibitor flt3 criteria inclusion recist cohorts measurable diseasespecific extension disease
whjRRa	1	AZ	zion ranger national minutes park search diversity incredible national park ranger explore garretson habitats zion juliet learn park prepared ranger expect year special baker time holly fantastic zion national park discover ranger barb fossil graves revealed history closer zion takes snail tim park ranger smallest lutterman world hiking canyoneering problemsolving
xzMFCp	1	AZ	photo house january white day 2012 state union video watch enhanced transparency commitment browse house white logs visitor wait executive actions president obama federal receipt tax federal dollars tax spent people petitions create sign house inside white tour interactive january house check offices photo 2012 picks white day office deputy
IREGSL	1	AZ	tale continues mission solstice cassini images home image details hydrocarbons fascinating titan surface system pole sea make ice subsurface rich moons saturnian emanating water jets ponding liquid hinting organics tale learn enceladus vapor south 313 5150 titan northern antisaturn image rings ringplane sunlit 504 faintly saturnfacing background kilometers center 3200
z664lX	1	AZ	replaces syndrome ncbi scand schizophr psychiatr pubmed salience acta 2009 function web ncbi javascript site warning requires management citation external file generate software netherlands neuropsychology centre university research psychiatry maastricht limburg health network department teaching euron jvanosspunimaasnl medical south mental century rest schizophrenia follow japan forthcoming revisions japans 19th dsm
wqMJGU	1	AZ	cruiser due hazard fuji bicycles fall recalls womens named washington instructed voluntary consumers illegal commission safety cooperation announced firm product stop dc recalled resell attempt immediately products today recall consumer product saratoga fuji bicycles womens units 10500 philadelphia sports importer advanced control downtube frame hazard break fall center bicycles causing
vOZnb	1	AZ	body index assessing weight cdc healthy bmi dnpao mass weight people number height index indicator fatness health body screen bmi problems categories lead persons reliable mass calculated calculator bmi adult information providers general primarily children information note written parents interest teens public healthcare division ga 303413717 nutrition ne buford msk24
wV8XYs	1	AZ	nih rare february highlights national 16 disease research cuttingedge health institutes 2012 day awareness raises links related bookmark share cc nih clinical center media advisory office recognize national supported cosponsored translational institutes research researchnational 29 day sciences clinical health advancing daylong activities nih diseases government agencies event celebrate celebration organizations
v4SBqs	1	AZ	ncbi prevalence mutations biol somatic detection pubmed low 2011 genome function web ncbi javascript site warning requires management citation external file generate software diego gilman usa center cancer la university drive 92093 california moores oharismendyucsdedu jolla san ca 9500 ucsd breadth clonal udtseq methods cancer limited detection specificity mutations restrict
oBm9Ks	1	AZ	affairs public home links point hyperlinks find site constitute services welfare linked web provided army west purpose stated sites contained authorized endorsement department consistent exercise activities information locations control external exchanges morale recreation appearance products editorial military disclaimer web aspects technical site comments master questions reporting site broken link address
zd62Kv	1	AZ	10 apod lick march observatory moonrise 2012 fascinating discover featured written image explanation day photograph astronomer cosmos universe professional 10 march 2012 warm atmosphere lick san rim color photo reflected 36 echo perched substantial frames nickel 4200 disk viewed telescope jose long chosen rose green sunlight moon location 7 gorgeous
2PQUFP	1	AZ	business topics tax topic 509 home irs resources deduct home denial employee general business deductions part expenses selfemployed expense regularly deduct business exclusively expenses part home attorney trade determine principal management personal businessuseofthehome exclusively location employee administrative regularly activities employers part convenience den applies fixed requirement deduct purposes expenses substantial
LR5gJ	1	AZ	nsacss national cryptologic museum mondayfriday office 400pmsaturdays library month numbers 3016885847 1st 3016885849 1000am 3rd holidaysphone museum email fax 3016886857 shop 200pmclosed 3016882145 gift sundays 900am federal scheduled group advance tours moments nsa profession gateway principal devoted glimpse artifacts museum cryptology agencys visitor heritage maryland thousands serve dramatic lives catch
3Tf7Ea	1	AZ	current uscert activity highimpact web current incidents regularly updated reported types summary uscert activity security page frequent multiple apple released updates safari address vulnerabilities products security os code crosssite obtain information perform vulnerabilities privileges elevated attack attacker condition execute denialofservice exploitation sensitive arbitrary operate scripting articles mitigate users ht5281 encourages
GLmPer	1	AZ	apod march 22 supernova m95 2012 fascinating discover featured written image explanation day photograph astronomer cosmos universe professional march 22 2012 neighbors discovered bright distant follow galaxy compact group young clusters galaxys good march colorful surrounds famous pinkish prominent bar traced identified small surrounding video portrait m95s arm blue telltale
xw2o0l	1	AZ	tip canker medlineplus sore health calm page related medlineplus drinking eating form sores inside ulcers canker mouth news make painful healthday dental sore canker suggests american heal association mobile twitter subscribe version updates follow email rss national guidelines accessibility library human march institutes quality copyright privacy health bethesda department 8600
xx3s86	1	AZ	cord curr ncbi rep neurophysiol stimulation spinal pubmed pain 2012 headache function web ncbi javascript site warning requires management citation external file generate software johns avenue usa critical department care yguan1jhmiedu ross division pain 720 anesthesiology medicine 21205 md hopkins university 351 rutland baltimore summarizes significantly findings produces reduce society
Aaei61	1	AZ	apod ngc january facing 9 6946 2012 fascinating discover featured written image explanation day photograph astronomer cosmos universe professional 9 january 2012 meter infrared discovered bright galaxy faceon death remarkable ngc young rich clusters galaxys big early birth exhibiting supernovae colors 20th telescope core 82 constellation outward blue foreground million
wVon3z	1	AZ	conversions rollovers reporting roth 2011 2010 topics retirement plans community irs resources 2010 conversions rollovers tax report return income 2011 2010 half taxable amount 8606 20a conversion distributionsif distributed ira 2010 form part report line 2011 roth amount 8606 inplan rollover retirement distributed ira 2010 form 25a part plan report
yKDakb	1	AZ	kids bully medlineplus smoke drink pages related medlineplus marijuana high middle healthday classmates alcohol 9 friday march bully students news school study cigarettes private high middle examined 74000 catholic state public columbus students includes bullying schools county substance university franklin ohio researchers bullies bullyvictims high middle perpetrators 23 percent deemed
ICLlBg	1	AZ	announcement lincoln grant students university water 04242012 prepare 15000 quality interested careers contact newsroom operations parker newsnews announcementwhere meter founded held pm including technologies 24 26 27 group 23 infantries thursday lu black treatment rich 400 announce local careers 2012 activities finance familiar safe lincoln schools school resource facilities january
GOfOIJ	1	AZ	comput nursing ncbi support inform clinical nurs pubmed decision 2012 function web ncbi javascript site warning requires management citation external file generate software nursing author drs lyerla southern primary universityedwardsville illinois affiliations health systems harrison care facilities centers eligible effort adoption rules plandostudyact records outcomes condition hospitaldefined presented payments adherence
v7l0EP	1	AZ	control district maricopa maps insurance county flood rate preliminary fema 2012 sources rate questions insurance information flood map floodplain parcel page specific contact found property august show lomrs preliminary approved dfirm panels 2010 2012 compare parcel floodplains information countywide 2012 updated complete preliminary property dfirm specific 2005 panels view respond
92kD7Z	1	AZ	center tornado watch prediction 61 storm status 61 report watch messages information network service national warnings visit iwin weather interactive high 70 50 mod 50 mod 30 mod 40 mod 30 mod high 80 f2f5 probability forecaster 70 60 table event increased category tornadoes probabilities issuing 5 low moderate events
xIZOZw	1	AZ	planning urban archived census transportation metropolitan living archives fhwa rural areas issues population office realty environment planning hepplanning contacts glossary guidance awards publications events contacts information murakami contact elaine commonwealth 1us defined territories pacific states trust district virgin rico puerto include columbia population 50 islands residents 2urban defined 49999 50000
yBd5pq	1	AZ	fraud people alert diabetes government money defraud diabetes plot criminals target people american steal fraud people alert diabetes media deputy oig investigations interviewed baskin general director communications oigs gary roberta inspector cantrell precise diabetic financial vary order strips meters seats additionally orthotics braces information confirmation personal beneficiaries offer generally offers
nCt41V	1	AZ	october house photo white 2011 day state union video watch enhanced transparency commitment browse house white logs visitor wait executive actions president obama federal receipt tax federal dollars tax spent people petitions create sign house inside white tour interactive october house check offices photo picks 2011 white day house hosted
t11Ecd	1	AZ	apod january spot moon 2 2012 fascinating discover featured written image explanation day photograph astronomer cosmos universe professional january 2 2012 scattered month moon find captured peeked sky degrees meant congratulating dimmer 12 background shadow exact entire large side twelve set acquired picked sunrise sun lunar full completely hiding barely
hVToof	1	AZ	apod 19 car meteorite 2006 peekskill hole november fascinating discover featured written image explanation day photograph astronomer cosmos universe professional 19 november 2006 cold moon find captured impact weekends meteorite struck hit spectacular lucky documented bowling heavy dense ground pictured peekskill full seconds rock york resulting pick composed size brighter
naVVCK	1	AZ	development professional toolkit army family meetings address profession venues capabilities committed soldiers trust forums based army opportunities modernization rich decisive include topics resources website families enhancing allvolunteer world ranks remain panels page strengthening force leaders universal toolkit contents visiting provide leader development intended soldier important members civilians implicit structure speeches
kvcs	1	AZ	financial government citizens grants usagov aid benefits financial grants identify apply eligible benefitsgov government loans benefits aid financial loan back states grants universities grant pay assistance awarded interest type grantsgov differences cities loans counties organizations search remember required individuals nonprofit researchers top back top back top back top back benefits
ynPFSk	1	AZ	gray service trapped national ice noaa fisheries sea whale marine watching photo share photos comments whale submit learn snorkling fishing photo national scanned 1988 sea seattle event film ice 2012 trapped big lab slides released whale marine barrow gray february inspired alaska miracle mammal called gray story trapped related ice
yVCV3l	1	AZ	1993 ncbi interactions summerfall neurotoxicology pubmed leadprotein function web ncbi javascript site warning requires management citation external file generate software division life rockville food administration drug sciences 20857 maryland metalbinding represent focus ala brain including neurotoxic calmodulin knowledge kinase examples enzyme pivotal include anhydrase regional heme inhibition emphasized proteins specific
wkj2fy	1	AZ	labeled watersense products epa content area jump main navigation waterefficient bearing find select label environment easy local retailer wallet watersense products makes epas saving certification testing home savings future performance assurance independent business exceptional specifications water efficiency party backed labeled watersense products meet bills generations expect waterefficient pipeline watersense products
whcsLd	1	AZ	crash snowmobiles arctic due hazard cat recalls cpsc consumers illegal instructed safety cooperation firm product voluntarily stop recalled immediately attempt recall resell conducted consumer product snowmobiles arctic cat december previously models recalled units 19000 2011 river minn falls arctic thief cat manufacturer loss lower crash loosen hazard control tierod posing
zv0rRC	1	AZ	heartburn reflux damage medlineplus chronic teeth acid pages related medlineplus reveals heartburn chronic healthday esophagus acid gerd damage thursday research 8 march mouth news condition severely reflux disease worried teeth gastroesophageal influx people sharp ultimately lead pitted suffered erosion thin worse wear half condition healthy study months disease tooth patients
HCohAb	1	AZ	apod march paris 31 night 2012 fascinating discover featured written image explanation day photograph astronomer cosmos universe professional 31 march 2012 210 meter visible earth 25 paris top young location lovely skies evening march familiar explanation de train western montparnasse line conjuntion large venus celestial recognize gently arc jupiter crescent
xsNIU6	1	AZ	infant carter choking due hazard recalled rattles lee named washington instructed voluntary consumers illegal commission safety cooperation announced firm product stop dc recalled resell attempt immediately products today recall consumer product infant rattles units 25000 carter francisco san calif importerdistributor lee violating childs handle rattle hazard posing throat rattles fit
wL5Djv	1	AZ	apod march 18 jupiter earth venus 2012 fascinating discover featured written image explanation day photograph astronomer cosmos universe professional 18 march 2012 sunk bright earth photographer sky degrees background world conjunction red venus humorous jupiter close creative lights approach pictured szubin pose notable daughter horizon striking image traveled visible brighter
wGldb6	1	AZ	apod australia aurora february 1 red 2012 fascinating discover featured written image explanation day photograph astronomer cosmos universe professional 1 february 2012 atmosphere including magellanic earth disk galaxy ground sky showered weeks excited australia familiar aurora emanating oxygen large pictured night small distant back video highlighting particles state 1402 red
zhMOL4	1	AZ	presidents make healthiest council year 2012 set presidents past council year activity incorporating physical start reminder achieve 2012 nutrition good ability healthiest reflect goals making great 12 lifestyle level healthy age months realistic commit work weight people presidents set council years resolutions fit percent approximately reality report attainable change january
p49gC9	1	AZ	training lead paint soil courses dust epa jump main content lead soil paint dust search area contact epa providers purposes provided show accredited current program curriculum part model training required courses informational epa application certification developed sampling planning refresher develop accreditation provide providers submit seeking renovator technician dust teach model
x8RdbK	1	AZ	calendar event content skip navigation offered datetime plan participate february 14 register presentation 2012 date february 2012 16 extra qa pacific az mountain additional eastern note 1115 915 1015 1030am presentation provided 815930am line 1025 central 1130pm 50 remain time 1230pm minutes jacobs lead escg space johnson willis nasa speaker
wSnu1c	1	AZ	transportation maricopa county construction mcdot activity department news print version bridge lifted saturday gillespie working restricted delays 530 sunday escort pm 630 friday monday dam activity crews construction traffic onsite pilot restrictions lane car 30 daily times 1100 minutes bridge 30 activities minutes accommodate 15000 close open gillespie large delays
zbySJ3	1	AZ	house white state union video watch enhanced transparency commitment browse house white logs visitor wait executive actions president obama federal receipt tax federal dollars tax spent people petitions create sign house inside white tour interactive event live facebook discussion participate click member facebook give click questions comments httpwwwwhitehousegovvideo ondemand library
AFqj2q	1	AZ	calendar event content skip navigation date 27 march 2012 extra qa pacific 1130am 9151030am az mountain additional 130pm eastern note 1115 1015 presentation 1215 provided line 1025 central 50 remain time 1230pm minutes sue lead johnson space runco nasa speaker center planetary features scientist including learning earth exist information space
byYEVh	1	AZ	bio astronaut lovell james james ret nasa astronaut lovell usn captain milwaukee cleveland born gerlach 1928 wisconsin children 25 personal march data marilyn married ohio wesleyan states engineering college milwaukee education united 1961 illinois program safety natc maryland michigan wisconsin business academy honorary southern test bachelor management california western 1952
zyFo6r	1	AZ	stream jet cassini mission wave solstice jupiter rattling spies features releases stream rattling spies jet jupiter cassini home news wave jet stream cassini wave jupiter rattling spies 13 mar 2012 jet stream cassini wave jupiter rattling spies jupiters direct jupiter planets earths atmosphere lead author comparing lot papers type simonmiller
GEuzBE	1	AZ	business cas janfeb ncbi healthc setting 2012 pubmed manag stage function web ncbi javascript site warning requires management citation external file generate software school usa uthealth health ebbinddotsonuthtmcedu public operations disparities solutions patientcentered make impact based presents policy imperative manage aspects introduce cultural culturally desire success reduces contexts set financial
zJkWFF	1	AZ	united standto knowledge army states magazine major hellip focus ala noncommissioned army positive opportunities jan board folks meeting chandler materiel arsenal qualified sgt nco made standards individuals smaller sergeants challenges redstone incredible things make officers speaks 1011 raymond retaining maj valued directors part command perseverance doesnt thing quit spc soldier
2pJmvF	1	AZ	center tornado watch prediction 109 storm status report 109 watch messages information network service national warnings visit iwin weather interactive 40 mod 20 low 30 mod low 40 mod 20 low high 90 f2f5 probability forecaster 70 60 table event increased category tornadoes probabilities issuing 5 low moderate events awareness
Gzu9Ot	1	AZ	stress mission solstice cassini enceladus images home image details alexandria focus tiger stripe images sulcus directorate jpl developed cassini washington mission manages cooperative laboratory technology assembled orbiter jet space propulsion agency pasadena european division cassinihuygens dc nasas california designed institute project nasa science italian information httpwwwnasagovcassini visit mission httpsaturnjplnasagov cassini
iE6MmO	1	AZ	med neurological risk ncbi vaccination saf int pubmed complications 2011 function web ncbi javascript site warning requires management citation external file generate software mercy cooper usa hospital al medicine green department birmingham extant4hotmailcom raised causation paper vaers calculable 24 recombinant outer raise vaccination system demyelinating low ischemia ischemic myelitis transverse
wOClr9	1	AZ	soc mfc ncbi rev 2010 chemical cathod biological chem pubmed mxc function web ncbi javascript site warning requires management citation external file generate software 38106 30 institute energy tu fharnischtubraunschweigde research environmental germany braunschweig sustainable chemistry hagenring mfc longevity relevant differs remarkably based electricity mxcsthe microbially production treatment fuel evaluated
A28KKe	1	AZ	ncbi variation sequencingbased copynumber pubmed bioinformatics exome 2011 function web ncbi javascript site warning requires management citation external file generate software school ma usa biostatistics 02115 harvard health boston department fsathirafasharvardedu public point powerful detection insertiondeletion utility cnv detect loh copynumber extends approach ability variation heterozygosity sequencing exome data loss
GYE9	1	AZ	tutorials medlineplus health interactive education tutorial easytoread presents variety symptoms health treatment wellness tutorials conditions patient diseases includes graphics audio language institute medlineplus diagnosis learn animated surgeries prevention interactive adobe prompted download tutorial flash note start version tutorials 8 httpgetadobecomflashplayer require mobile twitter subscribe version updates follow email rss national
A0LA5K	1	AZ	1801 2056 hr 1059 2422 2845 789 1264 white statement house press 515 1892 secretary state union video watch enhanced transparency commitment browse house white logs visitor wait executive actions president obama federal receipt tax federal dollars tax spent people petitions create sign house inside white tour interactive house white
qGiT7A	1	AZ	information network education usnei information network site usnei education find financial links states recognition information united accredited international frauds students qualifications coming professionals programs foreign avoiding aid institutions information resources providers educators related avoiding accreditation system fraudulent officials recognized international education quality institutions assurance financial links students education abroad information
y8CIpc	1	AZ	acad sci efficacy ncbi evidence pubmed natl 2012 proc synaptic function web ncbi javascript site warning requires management citation external file generate software usa neurobiology university irvine anatomy 92697 california department ca spaced phenomenon primed experiments identify aspect saturated involved poorly shorter naturalistic temporal production bout synaptic presentation massed combination
Hb1ugp	1	AZ	iud mistaken medlineplus safety doctors page related medlineplus amy norton providers mistaken reuters safety health government iud york doctors study contraceptives suggests beliefs control birth contraception theyre centers preventions referring crystal iuds tyler led form sterilization safe reversible women effective study disease nulliparous cdcs whove control copper intrauterine birth contraception
hK5alc	1	AZ	office la county health womens public prevent appointment nowfree cancer schedule qualify18007938090call tested close home cervical pap test office national county rate initiative education ccpei diagnosed cancer los health prevented cervical women january times angeles 2000 prevention womens launched prevent cancer lack county result expensive affects latinas late los korean
w9Y3da	1	AZ	apod saturns 22 january light hexagon 2012 fascinating discover featured written image explanation day photograph astronomer cosmos universe professional january 22 2012 planetary infrared discovered spacecraft motions saturns excluded flybys surrounds emanating rotating fully shape vortex continue corners unexpected imaged movie scientists orbiting shows saturn formation created study timelapse times
d7wl2N	1	AZ	center tornado watch prediction storm 96 status report watch messages 96 information network service national warnings visit iwin weather interactive 40 mod 20 low 30 mod 30 mod low low high 70 f2f5 probability forecaster 70 60 table event increased category tornadoes probabilities issuing 5 low moderate events awareness listed
zYV6sN	1	AZ	current uscert activity highimpact web current incidents regularly updated reported types summary uscert activity security page frequent multiple apple released updates safari address vulnerabilities products security os code crosssite obtain information perform vulnerabilities privileges elevated attack attacker condition execute denialofservice exploitation sensitive arbitrary operate scripting articles mitigate users ht5281 encourages
HPpRBA	1	AZ	rmrsgtr42 vol cultural fire 3 wildland effects ecosystems archaeology resources mountain publications station rocky research resources vol cultural fire 3 wildland effects online archeology ecosystems rmrs publicationrmrsgtr42 ann eds agriculture kevin cassandra koerner service rep research 3 station forest department collins resources 2012 trinkle lee mountain fire cultural wildland effects
fWJuZL	1	AZ	science nasa full super moon moonthe years perigee calendar moon size 20 mark 19th biggest east 2011 full march beauty rise super rare 16 sunset washington geoff close earth id moon worth full march big occurred dc 1993 observatory naval chester vary shape oval earth ellipse size 50000 brighter occur
wgBKM6	1	AZ	mexicanamericans study foods medlineplus traditional diets abandon suffer pages related medlineplus feb healthday native 20 backs teens eating monday mexicanamerican successive news obesity study turn habits common country generations generation national states 19992004 analysis aged united mexicanamericans 2300 health examination nutrition families obese part werent 12 born 19 survey found
w50ZSm	1	AZ	story ridge oak national tip laboratory researcher idea laboratory staff story oak relations member interview national end energys department external ridge arrange tip identified communications contact tracking cell matter death protein soft laboratorys reactor mitochondrial implicated scattering amino limbs death ridge helps naturally diseases apoptosis showing understand biochemists atrophy 92
zZqILK	1	AZ	solstice disruption mission cassini images home image details 1062 5150 titan 660 ring angle degree northern image rings sunlit shows tethys saturnfacing plane kilometers sides center 3200 larger side miles left view acquired image visible spacecraft cassini scale 22 tethys approximately camera 7 8 red titan million 12 kilometers 2011
ysbiTO	1	AZ	fdsys browse bills congress senate house states types legislative united proposals representatives bills congressional hr house chambers president approval law require senate signature bills limited senate house approval chambers resolutions amendments constitution res generally propose hj joint appropriation purpose president matters require single specific sj signature force senate house approval
12SJO	1	AZ	deducting business expenses small businessselfemployed small businessselfemployed topics irs resources business expenses carrying operated trade profit make cost deductible indispensable ordinary business trade accepted deductible helpful considered common expense business separate expenses important purchases deduct figure tax expenses deducted cost determine year gross end profit generally figuring inventory include business
xL2G08	1	AZ	10 apod lick march observatory moonrise 2012 fascinating discover featured written image explanation day photograph astronomer cosmos universe professional 10 march 2012 warm atmosphere lick san rim color photo reflected 36 echo perched substantial frames nickel 4200 disk viewed telescope jose long chosen rose green sunlight moon location 7 gorgeous
coqf7D	1	AZ	center tornado watch prediction 108 storm status report 108 watch messages information network service national warnings visit iwin weather interactive 40 mod 20 low 30 mod 30 mod 40 mod 30 mod high 70 f2f5 probability forecaster 70 60 table event increased category tornadoes probabilities issuing 5 low moderate events
AtbjtE	1	AZ	operations administration 3councilmember attorney 6councilmember dist 9councilmember 4councilmember von executive reagan julia lloyd reichbauer gossett 2councilmember huffprosecuting sue harasheriff sherril phillips mcdermott lambert 7 jane patterson kathy 5councilmember dunn constantineassessor dan director larry ferguson 8councilmember 1councilmember rahrelections hague satterbergcouncilmember bob dow joe juvenile judicial servicesdept executive detentiondept community human information
qI2Ju0	1	AZ	amendment constitution slavery 13th abolition skip navigation amendment house national general 13th proposing resolutions 17891999 united group constitution january acts archives congress government joint 1865 11 states records 31 record enrolled resolution amendment jurisdictionread december whereof 13th servitude crime subject united ratified convicted duly 6 party passed congress involuntary documents
FUb3Z	1	AZ	sebelius confirmation senate announces national 08072009 director health collins francis dr institutes secretary august friday 7 release 2009 hhs press contact office2026906343 hhs sebelius senate national states institutes confirmed united kathleen health collins announced director unanimously francis dr today secretary sebelius leaders outstanding human completion exciting research genome collins national
wVxKTc	1	AZ	sugary study hard medlineplus heart drinks pages related medlineplus heart 12 march risk monday study beverages longterm disease mens sugarsweetened finds healthday news drinking day raises heart percent drank health beverages drink higher followup men risk analyzed 20 12oz data day 43000 professionals study disease sugarsweetened beverage found didnt researchers
aJAUwv	1	AZ	center auction salem maintenance missouri department conservation jct center 65560 32 5735224115 phone ext salem 72 maintenance missouri 3283 numbers 13 october 1000 starting saturday 2012 registration 800 preregistration 730 500 pm friday viewing october day begins 12 sale items 2012 1000 arrangements registration subject tentative make lot listing auction
Ht0jL7	1	AZ	daniel goldin aeronautics revolution high daniel space agency transform program safety approach public administrator initiated deliver cheaper nasas faster lower goldin programs enabled americas longestserving sacrificing budgets tenure american bureaucracy spring human expensive develop agency long nasa pursuing imbalance administrator flew observers robotic missions criticized perceived 1992 goldin bloated infrequently
7DdgMr	1	AZ	web nws multimedia albuquerque briefing special fontsize12px sansserif color margintop275px 100px 333 marginright15px player textalignleft xsmall 580px textaligncenter fff data width fontweightbold noupdate container img area 555555 width640px helvetica inside 40px 0 divinfo padding5px floatleft 15px textalign margintop60px colorfff play height480px divplayer auto duration fontfamilybitstream vera fontsize background span height
zRcKkb	1	AZ	law troops bill expedited airport screening bailey senator kay hutchison texas orders december washington service traveling trust rtx 20 troops senate legislation late screening house bailey families passed dc yesterday members president kay law expedite 2011 13 hutchisons signed airport act senator family servicemen americans grateful pleased earned easier nation
GGKPkh	1	AZ	apod march 23 messier 9 close 2012 fascinating discover featured written image explanation day photograph astronomer cosmos universe professional 23 march 2012 show astronomical charles colors renown distant galaxy 25 giant clusters famous closeup resolves cool deficient view heavy telescope 18th astronomer star bluer dense space sun nebula red 300000
wBdIB7	1	AZ	house white state union video watch enhanced transparency commitment browse house white logs visitor wait executive actions president obama federal receipt tax federal dollars tax spent people petitions create sign house inside white tour interactive event live facebook discussion participate click member facebook give click questions comments httpwwwwhitehousegovvideo ondemand library
HUwt3C	1	AZ	junction service commuter start station rail rigov train announce ridot wickford ten facility boston rod commuters offer junction 20 monday service rhode kingstown april thursday day start station 5 warwick department 1011 2012 transportation commuter 10 friday rail train ridot ma wickford announcing ri garage island north providence trips road
rrlvLv	1	AZ	definitions classification 133107 unlawful firearms exceptions discharge definitions classification 133107 unlawful firearms exceptions discharge negligence felony municipality class limits discharges firearm person guilty 6 criminal pursuant proven notwithstanding offense deadly section alleged subsection applies discharge 13604 weapon 13704 fact dangerous involves section apply firearm discharged chapter title pursuant 1 4
xeJJ1y	1	AZ	grant grantsgov opportunities synopsis opportunity find precedence service disk electronic click information grant provide notification send inconsistency document email resolved notifications printed address opportunity emails change receive thing giving original requestedany modification description represent newest file oldest previous shown documents current document sections files background representing modifications arranged changed list
zxAkXB	1	AZ	apod january lighthouse meteor 8 2012 fascinating discover featured written image explanation day photograph astronomer cosmos universe professional january 8 2012 produces years bright hercules cold captured northern sky 4 easy east skygazers coast early dim january radiant muralis identified morning view maurice obsolete rivers constellation event planet quadrantid boundaries
lroTJ9	1	AZ	mountain wildlife lion fish account parks hand spray montana bear pepper pound researcher female hound mountain story rich pepper experienced bear 120 spray fwp radiocollared lion experience protected desimone researchers garnet pepper feet lion female mountain kittens radioequipping research brian east mountains 10 assistant june bear deter spray capturing study
wPGEZ8	1	AZ	current uscert activity highimpact web current incidents regularly updated reported types summary uscert activity security page frequent multiple apple released updates safari address vulnerabilities products security os code crosssite obtain information perform vulnerabilities privileges elevated attack attacker condition execute denialofservice exploitation sensitive arbitrary operate scripting articles mitigate users ht5281 encourages
eyxbj	1	AZ	quit guide smokefreegov congratulations smokefreegov taking cigarette step smoking quitting exsmokers hard experts expect quit prepare support describes problems prepared weeks days times guide wrote guide quit complete view quit free order print air guide download clearing copy quitguide mobile free download version today home quit stepbystep guide expert talk
HSFU0C	1	AZ	family house national white visits americas parks tourists state union video watch enhanced transparency commitment browse house white logs visitor wait executive actions president obama federal receipt tax federal dollars tax spent people petitions create sign house inside white tour interactive beautiful family check visit shows places photos place country
y3HvcJ	1	AZ	heart pain chest medlineplus attack women pages related medlineplus pittman genevra heart show hospital attack chest reuters health pain men discomfort york women younger study suggests heart lack result explain symptoms treatment care differences delayed women die attacks medical turn study researchers heart report clinic canto attack john watson worked
Aoyn8D	1	AZ	wide apod galactic center january image field 6 2012 fascinating discover featured written image explanation day photograph astronomer cosmos universe professional january 6 2012 beautiful paw scattered years lies bright intricate star spanning captured clouds earths vista light scorpius nebulae field nebula sky center cats degrees actual gorgeous clusters galaxys
JdDZ9e	1	AZ	emotion brainderived regula ncbi pubmed fatigue physiol front 2012 function web ncbi javascript site warning requires management citation external file generate software town biology science university africa research department unit human medicine cape uctmrc sports south exercise proposed athletic saves brain attempts predicts decisions decade superior rapidly physiological nervous explain
2RAq0O	1	AZ	national ruins aztec monument search ritual people house describe site reconstructed distant migration follow masonry ancient workers mortar passageways 500 holding today listen kiva search explore part drums puebloan echo pueblo great rooms fingerprints ancestral roof journey time timbers original 900year unesco site states culture world special 1987 united chaco
zW6pnr	1	AZ	apod march flying 5 night earth 2012 fascinating discover featured written image explanation day photograph astronomer cosmos universe professional 5 march 2012 atmosphere earth captured spectacles rousing sunlit orange wave dark half progresses clouds brightness lightning approaching set sequence seas frame video dawn blue space purple lights haze international occurs
ABJeW0	1	AZ	protect fungal tip infection medlineplus feet health pages related medlineplus feet important rooms showers news protect healthday fungi locker breeding public grounds physicians family academy suggestions american offers mobile twitter subscribe version updates follow email rss national guidelines accessibility library human institutes quality copyright privacy 28 health bethesda department 8600
iwEElv	1	AZ	neurotherapeutics ncbi alzheim ketone pubmed 2008 bodies therapeutic function web ncbi javascript site warning requires management citation external file generate software shendersonaccerapharmacom colorado usa accera 80021 broomfield limited stores administration produced brain supplement including human betahydroxybutyrate disorders hypometabolism regionspecific exclusively potential animal fat early inhibition effects acetone represents substrate profound
