HxvPXO	29	FL	c_char_p(53497460)
qvXnXj	1	FL	c_char_p(83492212)
H9Bhmj	43	FL	c_char_p(41535764)
GQOY5E	2	FL	c_char_p(42884068)
H6D46O	2	FL	c_char_p(52748068)
Hoq9wi	1	FL	c_char_p(107926212)
g8zRI	1	FL	c_char_p(41646452)
GDd9Vw	1	FL	c_char_p(44089972)
GIVrCB	2	FL	c_char_p(47013220)
bREk8i	1	FL	c_char_p(44278212)
Hg11ZA	1	FL	c_char_p(41697188)
GXVt7p	1	FL	c_char_p(41589764)
pKX24c	1	FL	c_char_p(57347156)
awFBvd	2	FL	c_char_p(40779236)
mZePo	2	FL	c_char_p(40660980)
mll5XX	1	FL	c_char_p(42912356)
zui2a7	1	FL	c_char_p(47231428)
xl8O0c	4	FL	c_char_p(40611028)
9Lwh52	2	FL	c_char_p(51742388)
i8lAE	3	FL	c_char_p(41570244)
wLZPTj	1	FL	c_char_p(53041780)
yOWTQq	1	FL	c_char_p(42898084)
d0iKKk	1	FL	c_char_p(41743604)
yM4Zdk	1	FL	c_char_p(117549828)
GVHORF	2	FL	c_char_p(53543124)
yhHHA	1	FL	c_char_p(51745828)
uLaPei	1	FL	c_char_p(41723332)
LR5gJ	2	FL	c_char_p(42890052)
ciILGn	1	FL	c_char_p(107933364)
w3vFX9	1	FL	c_char_p(42922724)
GQDTW7	1	FL	c_char_p(40534820)
xx3s86	1	FL	c_char_p(40555012)
HiUBxw	1	FL	c_char_p(41749332)
HCmmOL	1	FL	c_char_p(41835780)
GHQxY2	2	FL	c_char_p(76923492)
GVeecO	2	FL	c_char_p(40881252)
A4KKSn	4	FL	c_char_p(41798388)
GTqcQ5	1	FL	c_char_p(42919860)
H11HEr	2	FL	c_char_p(40803732)
GTSPmB	1	FL	c_char_p(53647556)
H1l56S	1	FL	c_char_p(52849396)
wzKdqg	1	FL	c_char_p(40764948)
FQhE26	1	FL	c_char_p(53039332)
fCnjhO	3	FL	c_char_p(59514820)
cnxmfy	1	FL	c_char_p(41843396)
GTGJFB	1	FL	c_char_p(41696228)
GL1q4I	6	FL	c_char_p(41091924)
HCohAb	3	FL	c_char_p(45957028)
GAUd9a	1	FL	c_char_p(41358388)
ywntbL	37	FL	c_char_p(47262548)
zCaLwp	4	FL	c_char_p(41090772)
HsnQKU	1	FL	c_char_p(40806436)
GWHziZ	7	FL	c_char_p(70380836)
jjHHaH	3	FL	c_char_p(40963860)
H3XhZE	1	FL	c_char_p(40518084)
8YHa1y	1	FL	c_char_p(42889604)
UT2FE	6	FL	c_char_p(42650148)
GZh7rV	6	FL	c_char_p(42891396)
GDAUPm	1	FL	c_char_p(40883620)
GTa9nt	1	FL	c_char_p(41851300)
GURb1R	2	FL	c_char_p(41023636)
duiN9r	1	FL	c_char_p(51723364)
HeFwgg	1	FL	c_char_p(40796916)
6T7lwo	1	FL	c_char_p(53049940)
jhmNRZ	1	FL	c_char_p(48511652)
if1jua	7	FL	c_char_p(42693492)
4dwBHm	1	FL	c_char_p(40653316)
rpRch3	1	FL	c_char_p(56057924)
H0JY1K	1	FL	c_char_p(41740868)
HldETg	1	FL	c_char_p(40616724)
zuPWuA	1	FL	c_char_p(56130388)
9DeMXL	1	FL	c_char_p(44121476)
yQgA37	1	FL	c_char_p(54020148)
GVsYW6	1	FL	c_char_p(53664756)
xlTx9U	2	FL	c_char_p(48503732)
DmpmR	1	FL	c_char_p(40553188)
9PUNLH	1	FL	c_char_p(57337492)
HtlbQh	6	FL	c_char_p(42764404)
GT102q	5	FL	c_char_p(53400116)
HAo6Ij	1	FL	c_char_p(40852980)
HkGV1E	8	FL	c_char_p(40851524)
rbSp4R	2	FL	c_char_p(56184484)
abBfFC	1	FL	c_char_p(56132692)
GTm8RJ	1	FL	c_char_p(83008116)
sC7M7L	1	FL	c_char_p(47229108)
HijyYM	1	FL	c_char_p(41553412)
GUXGV0	3	FL	c_char_p(41722340)
HxXRCv	1	FL	c_char_p(42760532)
H4SoEx	1	FL	c_char_p(81934308)
RFDtO	2	FL	c_char_p(41357668)
HynLnX	1	FL	c_char_p(54305476)
xuIjOO	6	FL	c_char_p(40798436)
c7xaOS	2	FL	c_char_p(54034452)
H8viYR	1	FL	c_char_p(48631332)
q8oag	1	FL	c_char_p(42649236)
Hp7wMi	1	FL	c_char_p(44094244)
y89dU	5	FL	c_char_p(40918884)
H1raiy	1	FL	c_char_p(40614116)
GQSSir	1	FL	c_char_p(40623876)
zpO2vA	1	FL	c_char_p(51906180)
GVAoex	5	FL	c_char_p(40545812)
xWHNWi	4	FL	c_char_p(41745748)
hspXhu	1	FL	c_char_p(40878852)
H7x0JB	1	FL	c_char_p(40825748)
Hn6KR0	1	FL	c_char_p(41846228)
AAcZBD	1	FL	c_char_p(81874964)
orLSsF	1	FL	c_char_p(40912708)
ctqUIt	1	FL	c_char_p(40821684)
H37PLo	1	FL	c_char_p(42896500)
A6rx3G	1	FL	c_char_p(51760788)
oO2QN	1	FL	c_char_p(83228788)
2PpqOv	1	FL	c_char_p(40697972)
GGQgyS	1	FL	c_char_p(54417876)
GR8AW0	1	FL	c_char_p(40929780)
yyzL3Z	3	FL	c_char_p(40535524)
yUzuQt	28	FL	c_char_p(48484740)
HigKGE	1	FL	c_char_p(40737124)
oyu4Jz	1	FL	c_char_p(42664068)
HpEUPu	1	FL	c_char_p(105365604)
x3xKr9	1	FL	c_char_p(40690020)
H4EdtZ	10	FL	c_char_p(40753492)
GQ6I21	1	FL	c_char_p(48523684)
32gwP0	1	FL	c_char_p(56315524)
sx4lq7	1	FL	c_char_p(40756212)
HxeUoW	1	FL	c_char_p(47233412)
GRDKwh	6	FL	c_char_p(40799316)
HhGVwX	1	FL	c_char_p(59514084)
vbBNj	2	FL	c_char_p(40875604)
tCp8Oh	3	FL	c_char_p(46687604)
